api,ticker,market,report_period,candidate_field,field_role,payload_case,payload_schema,human_policy_required,t164_candidate_status,tpex_bounded_sample_confirmed,tpex_universal_ready,diagnostic_only,not_live_rule,route_id,detail_api,announcement_subject,source_period_text,announcement_date,announcement_time,official_announcement_timestamp,market_available_at,market_available_at_source,exact_internal_filing_upload_timestamp_found,after_regular_close,signal_eligibility_basis,source_quality,accepted_for_formal,diagnostic_only_announcement,not_live_rule_announcement,official_timestamp_matched,unmatched_blocked_reason,signal_eligible_date,signal_eligibility_rule_applied,conservative_asof_candidate_separate,conservative_asof_used,quarter_end_date_used,query_response_datetime_used,forward_return_as_rule
t164sb05,1101,TWSE,2026Q1,operating_cash_flow,cashflow_quality,custom_period_required_empty_subsidiary_key,"{""companyId"":""1101"",""dataType"":""2"",""year"":""115"",""season"":""1"",""subsidiaryCompanyId"":""""}",False,payload_ready_sample_candidate,True,False,True,True,mops_api_t05st01_historical_material_information,t05st01_detail,公告本公司董事會通過115年第1季合併財務報告,115/01/01~115/03/31,115/05/13,19:18:38,2026-05-13T19:18:38,2026-05-13T19:18:38,t05st01_public_material_information_announcement_timestamp,False,True,next_trading_day_if_after_regular_close_else_same_trading_day_after_timestamp,official_material_information_timestamp,False,True,True,True,,2026-05-14,next_trading_day_after_close,False,False,False,False,False
t164sb05,1101,TWSE,2026Q1,capex_proxy,free_cash_flow_proxy,custom_period_required_empty_subsidiary_key,"{""companyId"":""1101"",""dataType"":""2"",""year"":""115"",""season"":""1"",""subsidiaryCompanyId"":""""}",True,payload_ready_sample_candidate,True,False,True,True,mops_api_t05st01_historical_material_information,t05st01_detail,公告本公司董事會通過115年第1季合併財務報告,115/01/01~115/03/31,115/05/13,19:18:38,2026-05-13T19:18:38,2026-05-13T19:18:38,t05st01_public_material_information_announcement_timestamp,False,True,next_trading_day_if_after_regular_close_else_same_trading_day_after_timestamp,official_material_information_timestamp,False,True,True,True,,2026-05-14,next_trading_day_after_close,False,False,False,False,False
t164sb05,1101,TWSE,2026Q1,inventory_change_cashflow,working_capital_context,custom_period_required_empty_subsidiary_key,"{""companyId"":""1101"",""dataType"":""2"",""year"":""115"",""season"":""1"",""subsidiaryCompanyId"":""""}",False,payload_ready_sample_candidate,True,False,True,True,mops_api_t05st01_historical_material_information,t05st01_detail,公告本公司董事會通過115年第1季合併財務報告,115/01/01~115/03/31,115/05/13,19:18:38,2026-05-13T19:18:38,2026-05-13T19:18:38,t05st01_public_material_information_announcement_timestamp,False,True,next_trading_day_if_after_regular_close_else_same_trading_day_after_timestamp,official_material_information_timestamp,False,True,True,True,,2026-05-14,next_trading_day_after_close,False,False,False,False,False
t164sb05,1101,TWSE,2026Q1,receivable_change_cashflow,working_capital_context,custom_period_required_empty_subsidiary_key,"{""companyId"":""1101"",""dataType"":""2"",""year"":""115"",""season"":""1"",""subsidiaryCompanyId"":""""}",True,payload_ready_sample_candidate,True,False,True,True,mops_api_t05st01_historical_material_information,t05st01_detail,公告本公司董事會通過115年第1季合併財務報告,115/01/01~115/03/31,115/05/13,19:18:38,2026-05-13T19:18:38,2026-05-13T19:18:38,t05st01_public_material_information_announcement_timestamp,False,True,next_trading_day_if_after_regular_close_else_same_trading_day_after_timestamp,official_material_information_timestamp,False,True,True,True,,2026-05-14,next_trading_day_after_close,False,False,False,False,False
t164sb03,1101,TWSE,2026Q1,inventory,inventory_risk,custom_period_required_empty_subsidiary_key,"{""companyId"":""1101"",""dataType"":""2"",""year"":""115"",""season"":""1"",""subsidiaryCompanyId"":""""}",False,payload_ready_sample_candidate,True,False,True,True,mops_api_t05st01_historical_material_information,t05st01_detail,公告本公司董事會通過115年第1季合併財務報告,115/01/01~115/03/31,115/05/13,19:18:38,2026-05-13T19:18:38,2026-05-13T19:18:38,t05st01_public_material_information_announcement_timestamp,False,True,next_trading_day_if_after_regular_close_else_same_trading_day_after_timestamp,official_material_information_timestamp,False,True,True,True,,2026-05-14,next_trading_day_after_close,False,False,False,False,False
t164sb03,1101,TWSE,2026Q1,receivables_basket,receivable_risk,custom_period_required_empty_subsidiary_key,"{""companyId"":""1101"",""dataType"":""2"",""year"":""115"",""season"":""1"",""subsidiaryCompanyId"":""""}",True,payload_ready_sample_candidate,True,False,True,True,mops_api_t05st01_historical_material_information,t05st01_detail,公告本公司董事會通過115年第1季合併財務報告,115/01/01~115/03/31,115/05/13,19:18:38,2026-05-13T19:18:38,2026-05-13T19:18:38,t05st01_public_material_information_announcement_timestamp,False,True,next_trading_day_if_after_regular_close_else_same_trading_day_after_timestamp,official_material_information_timestamp,False,True,True,True,,2026-05-14,next_trading_day_after_close,False,False,False,False,False
t164sb03,1101,TWSE,2026Q1,current_assets,current_ratio_input,custom_period_required_empty_subsidiary_key,"{""companyId"":""1101"",""dataType"":""2"",""year"":""115"",""season"":""1"",""subsidiaryCompanyId"":""""}",False,payload_ready_sample_candidate,True,False,True,True,mops_api_t05st01_historical_material_information,t05st01_detail,公告本公司董事會通過115年第1季合併財務報告,115/01/01~115/03/31,115/05/13,19:18:38,2026-05-13T19:18:38,2026-05-13T19:18:38,t05st01_public_material_information_announcement_timestamp,False,True,next_trading_day_if_after_regular_close_else_same_trading_day_after_timestamp,official_material_information_timestamp,False,True,True,True,,2026-05-14,next_trading_day_after_close,False,False,False,False,False
t164sb03,1101,TWSE,2026Q1,current_liabilities,current_ratio_input,custom_period_required_empty_subsidiary_key,"{""companyId"":""1101"",""dataType"":""2"",""year"":""115"",""season"":""1"",""subsidiaryCompanyId"":""""}",False,payload_ready_sample_candidate,True,False,True,True,mops_api_t05st01_historical_material_information,t05st01_detail,公告本公司董事會通過115年第1季合併財務報告,115/01/01~115/03/31,115/05/13,19:18:38,2026-05-13T19:18:38,2026-05-13T19:18:38,t05st01_public_material_information_announcement_timestamp,False,True,next_trading_day_if_after_regular_close_else_same_trading_day_after_timestamp,official_material_information_timestamp,False,True,True,True,,2026-05-14,next_trading_day_after_close,False,False,False,False,False
t164sb03,1101,TWSE,2026Q1,current_ratio,current_ratio,custom_period_required_empty_subsidiary_key,"{""companyId"":""1101"",""dataType"":""2"",""year"":""115"",""season"":""1"",""subsidiaryCompanyId"":""""}",False,payload_ready_sample_candidate,True,False,True,True,mops_api_t05st01_historical_material_information,t05st01_detail,公告本公司董事會通過115年第1季合併財務報告,115/01/01~115/03/31,115/05/13,19:18:38,2026-05-13T19:18:38,2026-05-13T19:18:38,t05st01_public_material_information_announcement_timestamp,False,True,next_trading_day_if_after_regular_close_else_same_trading_day_after_timestamp,official_material_information_timestamp,False,True,True,True,,2026-05-14,next_trading_day_after_close,False,False,False,False,False
