signal_date,entry_date,exit_date,rerank_variant,selected_ticker_before,selected_ticker_after,selected_ticker_name_after,changed_reason,missing_field,next_owner
2015-04-30,2015-05-04,2015-05-11,mild_revenue_penalty,2316,2354,鴻準,revenue_anomaly_soft_penalty_rerank_selected_alternative,entry_open/entry_close/exit_close official unadjusted OHLC for reranked selected ticker,Radar/Data bounded selected-ticker OHLC gap fill
2015-04-30,2015-05-04,2015-05-11,balanced_revenue_penalty,2316,2354,鴻準,revenue_anomaly_soft_penalty_rerank_selected_alternative,entry_open/entry_close/exit_close official unadjusted OHLC for reranked selected ticker,Radar/Data bounded selected-ticker OHLC gap fill
2015-04-30,2015-05-04,2015-05-11,strict_revenue_penalty,2316,2354,鴻準,revenue_anomaly_soft_penalty_rerank_selected_alternative,entry_open/entry_close/exit_close official unadjusted OHLC for reranked selected ticker,Radar/Data bounded selected-ticker OHLC gap fill
2015-05-15,2015-05-18,2015-05-25,mild_revenue_penalty,3008,2892,第一金,revenue_anomaly_soft_penalty_rerank_selected_alternative,entry_open/entry_close/exit_close official unadjusted OHLC for reranked selected ticker,Radar/Data bounded selected-ticker OHLC gap fill
2015-05-15,2015-05-18,2015-05-25,balanced_revenue_penalty,3008,2892,第一金,revenue_anomaly_soft_penalty_rerank_selected_alternative,entry_open/entry_close/exit_close official unadjusted OHLC for reranked selected ticker,Radar/Data bounded selected-ticker OHLC gap fill
2015-05-15,2015-05-18,2015-05-25,strict_revenue_penalty,3008,2892,第一金,revenue_anomaly_soft_penalty_rerank_selected_alternative,entry_open/entry_close/exit_close official unadjusted OHLC for reranked selected ticker,Radar/Data bounded selected-ticker OHLC gap fill
2015-05-15,2015-05-18,2015-05-25,anomaly_veto_only_when_alternative_available,3008,2892,第一金,revenue_anomaly_soft_penalty_rerank_selected_alternative,entry_open/entry_close/exit_close official unadjusted OHLC for reranked selected ticker,Radar/Data bounded selected-ticker OHLC gap fill
2015-10-08,2015-10-12,2015-10-19,mild_revenue_penalty,6143,6176,瑞儀,revenue_anomaly_soft_penalty_rerank_selected_alternative,entry_open/entry_close/exit_close official unadjusted OHLC for reranked selected ticker,Radar/Data bounded selected-ticker OHLC gap fill
2015-10-08,2015-10-12,2015-10-19,balanced_revenue_penalty,6143,6176,瑞儀,revenue_anomaly_soft_penalty_rerank_selected_alternative,entry_open/entry_close/exit_close official unadjusted OHLC for reranked selected ticker,Radar/Data bounded selected-ticker OHLC gap fill
2015-10-08,2015-10-12,2015-10-19,strict_revenue_penalty,6143,6176,瑞儀,revenue_anomaly_soft_penalty_rerank_selected_alternative,entry_open/entry_close/exit_close official unadjusted OHLC for reranked selected ticker,Radar/Data bounded selected-ticker OHLC gap fill
2015-10-16,2015-10-19,2015-10-26,mild_revenue_penalty,8433,1319,東陽,revenue_anomaly_soft_penalty_rerank_selected_alternative,entry_open/entry_close/exit_close official unadjusted OHLC for reranked selected ticker,Radar/Data bounded selected-ticker OHLC gap fill
2015-10-16,2015-10-19,2015-10-26,balanced_revenue_penalty,8433,1319,東陽,revenue_anomaly_soft_penalty_rerank_selected_alternative,entry_open/entry_close/exit_close official unadjusted OHLC for reranked selected ticker,Radar/Data bounded selected-ticker OHLC gap fill
2015-10-16,2015-10-19,2015-10-26,strict_revenue_penalty,8433,1319,東陽,revenue_anomaly_soft_penalty_rerank_selected_alternative,entry_open/entry_close/exit_close official unadjusted OHLC for reranked selected ticker,Radar/Data bounded selected-ticker OHLC gap fill
2016-02-26,2016-03-01,2016-03-08,mild_revenue_penalty,3324,1216,統一,revenue_anomaly_soft_penalty_rerank_selected_alternative,entry_open/entry_close/exit_close official unadjusted OHLC for reranked selected ticker,Radar/Data bounded selected-ticker OHLC gap fill
2016-02-26,2016-03-01,2016-03-08,balanced_revenue_penalty,3324,1216,統一,revenue_anomaly_soft_penalty_rerank_selected_alternative,entry_open/entry_close/exit_close official unadjusted OHLC for reranked selected ticker,Radar/Data bounded selected-ticker OHLC gap fill
2016-02-26,2016-03-01,2016-03-08,strict_revenue_penalty,3324,1216,統一,revenue_anomaly_soft_penalty_rerank_selected_alternative,entry_open/entry_close/exit_close official unadjusted OHLC for reranked selected ticker,Radar/Data bounded selected-ticker OHLC gap fill
2017-02-03,2017-02-06,2017-02-13,mild_revenue_penalty,3346,3231,緯創,revenue_anomaly_soft_penalty_rerank_selected_alternative,entry_open/entry_close/exit_close official unadjusted OHLC for reranked selected ticker,Radar/Data bounded selected-ticker OHLC gap fill
2017-02-03,2017-02-06,2017-02-13,balanced_revenue_penalty,3346,3231,緯創,revenue_anomaly_soft_penalty_rerank_selected_alternative,entry_open/entry_close/exit_close official unadjusted OHLC for reranked selected ticker,Radar/Data bounded selected-ticker OHLC gap fill
2017-02-03,2017-02-06,2017-02-13,strict_revenue_penalty,3346,3231,緯創,revenue_anomaly_soft_penalty_rerank_selected_alternative,entry_open/entry_close/exit_close official unadjusted OHLC for reranked selected ticker,Radar/Data bounded selected-ticker OHLC gap fill
2017-05-12,2017-05-15,2017-05-22,mild_revenue_penalty,1301,2492,華新科,revenue_anomaly_soft_penalty_rerank_selected_alternative,entry_open/entry_close/exit_close official unadjusted OHLC for reranked selected ticker,Radar/Data bounded selected-ticker OHLC gap fill
2017-05-12,2017-05-15,2017-05-22,balanced_revenue_penalty,1301,2492,華新科,revenue_anomaly_soft_penalty_rerank_selected_alternative,entry_open/entry_close/exit_close official unadjusted OHLC for reranked selected ticker,Radar/Data bounded selected-ticker OHLC gap fill
2017-05-12,2017-05-15,2017-05-22,strict_revenue_penalty,1301,2492,華新科,revenue_anomaly_soft_penalty_rerank_selected_alternative,entry_open/entry_close/exit_close official unadjusted OHLC for reranked selected ticker,Radar/Data bounded selected-ticker OHLC gap fill
2017-08-25,2017-08-28,2017-09-04,mild_revenue_penalty,2603,2823,中壽,revenue_anomaly_soft_penalty_rerank_selected_alternative,entry_open/entry_close/exit_close official unadjusted OHLC for reranked selected ticker,Radar/Data bounded selected-ticker OHLC gap fill
2017-08-25,2017-08-28,2017-09-04,balanced_revenue_penalty,2603,2823,中壽,revenue_anomaly_soft_penalty_rerank_selected_alternative,entry_open/entry_close/exit_close official unadjusted OHLC for reranked selected ticker,Radar/Data bounded selected-ticker OHLC gap fill
2017-08-25,2017-08-28,2017-09-04,strict_revenue_penalty,2603,2823,中壽,revenue_anomaly_soft_penalty_rerank_selected_alternative,entry_open/entry_close/exit_close official unadjusted OHLC for reranked selected ticker,Radar/Data bounded selected-ticker OHLC gap fill
2017-10-27,2017-10-30,2017-11-06,mild_revenue_penalty,6121,3023,信邦,revenue_anomaly_soft_penalty_rerank_selected_alternative,entry_open/entry_close/exit_close official unadjusted OHLC for reranked selected ticker,Radar/Data bounded selected-ticker OHLC gap fill
2017-10-27,2017-10-30,2017-11-06,balanced_revenue_penalty,6121,3023,信邦,revenue_anomaly_soft_penalty_rerank_selected_alternative,entry_open/entry_close/exit_close official unadjusted OHLC for reranked selected ticker,Radar/Data bounded selected-ticker OHLC gap fill
2017-10-27,2017-10-30,2017-11-06,strict_revenue_penalty,6121,2345,智邦,revenue_anomaly_soft_penalty_rerank_selected_alternative,entry_open/entry_close/exit_close official unadjusted OHLC for reranked selected ticker,Radar/Data bounded selected-ticker OHLC gap fill
2017-10-27,2017-10-30,2017-11-06,anomaly_veto_only_when_alternative_available,6121,3023,信邦,revenue_anomaly_soft_penalty_rerank_selected_alternative,entry_open/entry_close/exit_close official unadjusted OHLC for reranked selected ticker,Radar/Data bounded selected-ticker OHLC gap fill
2017-11-24,2017-11-27,2017-12-04,mild_revenue_penalty,6573,2379,瑞昱,revenue_anomaly_soft_penalty_rerank_selected_alternative,entry_open/entry_close/exit_close official unadjusted OHLC for reranked selected ticker,Radar/Data bounded selected-ticker OHLC gap fill
2017-11-24,2017-11-27,2017-12-04,balanced_revenue_penalty,6573,2379,瑞昱,revenue_anomaly_soft_penalty_rerank_selected_alternative,entry_open/entry_close/exit_close official unadjusted OHLC for reranked selected ticker,Radar/Data bounded selected-ticker OHLC gap fill
2017-11-24,2017-11-27,2017-12-04,strict_revenue_penalty,6573,2379,瑞昱,revenue_anomaly_soft_penalty_rerank_selected_alternative,entry_open/entry_close/exit_close official unadjusted OHLC for reranked selected ticker,Radar/Data bounded selected-ticker OHLC gap fill
2017-11-24,2017-11-27,2017-12-04,anomaly_veto_only_when_alternative_available,6573,2379,瑞昱,revenue_anomaly_soft_penalty_rerank_selected_alternative,entry_open/entry_close/exit_close official unadjusted OHLC for reranked selected ticker,Radar/Data bounded selected-ticker OHLC gap fill
2018-03-16,2018-03-19,2018-03-26,mild_revenue_penalty,6150,6213,聯茂,revenue_anomaly_soft_penalty_rerank_selected_alternative,entry_open/entry_close/exit_close official unadjusted OHLC for reranked selected ticker,Radar/Data bounded selected-ticker OHLC gap fill
2018-03-16,2018-03-19,2018-03-26,balanced_revenue_penalty,6150,6213,聯茂,revenue_anomaly_soft_penalty_rerank_selected_alternative,entry_open/entry_close/exit_close official unadjusted OHLC for reranked selected ticker,Radar/Data bounded selected-ticker OHLC gap fill
2018-03-16,2018-03-19,2018-03-26,strict_revenue_penalty,6150,6213,聯茂,revenue_anomaly_soft_penalty_rerank_selected_alternative,entry_open/entry_close/exit_close official unadjusted OHLC for reranked selected ticker,Radar/Data bounded selected-ticker OHLC gap fill
2018-03-16,2018-03-19,2018-03-26,anomaly_veto_only_when_alternative_available,6150,6213,聯茂,revenue_anomaly_soft_penalty_rerank_selected_alternative,entry_open/entry_close/exit_close official unadjusted OHLC for reranked selected ticker,Radar/Data bounded selected-ticker OHLC gap fill
2018-06-08,2018-06-11,2018-06-19,mild_revenue_penalty,3090,2344,華邦電,revenue_anomaly_soft_penalty_rerank_selected_alternative,entry_open/entry_close/exit_close official unadjusted OHLC for reranked selected ticker,Radar/Data bounded selected-ticker OHLC gap fill
2018-06-08,2018-06-11,2018-06-19,balanced_revenue_penalty,3090,2344,華邦電,revenue_anomaly_soft_penalty_rerank_selected_alternative,entry_open/entry_close/exit_close official unadjusted OHLC for reranked selected ticker,Radar/Data bounded selected-ticker OHLC gap fill
2018-06-08,2018-06-11,2018-06-19,strict_revenue_penalty,3090,2344,華邦電,revenue_anomaly_soft_penalty_rerank_selected_alternative,entry_open/entry_close/exit_close official unadjusted OHLC for reranked selected ticker,Radar/Data bounded selected-ticker OHLC gap fill
2018-06-29,2018-07-02,2018-07-09,mild_revenue_penalty,8163,2027,大成鋼,revenue_anomaly_soft_penalty_rerank_selected_alternative,entry_open/entry_close/exit_close official unadjusted OHLC for reranked selected ticker,Radar/Data bounded selected-ticker OHLC gap fill
2018-06-29,2018-07-02,2018-07-09,balanced_revenue_penalty,8163,2027,大成鋼,revenue_anomaly_soft_penalty_rerank_selected_alternative,entry_open/entry_close/exit_close official unadjusted OHLC for reranked selected ticker,Radar/Data bounded selected-ticker OHLC gap fill
2018-06-29,2018-07-02,2018-07-09,strict_revenue_penalty,8163,2027,大成鋼,revenue_anomaly_soft_penalty_rerank_selected_alternative,entry_open/entry_close/exit_close official unadjusted OHLC for reranked selected ticker,Radar/Data bounded selected-ticker OHLC gap fill
2019-09-12,,,mild_revenue_penalty,3661,4947,昂寶-KY,revenue_anomaly_soft_penalty_rerank_selected_alternative,entry_open/entry_close/exit_close official unadjusted OHLC for reranked selected ticker,Radar/Data bounded selected-ticker OHLC gap fill
2019-09-12,,,balanced_revenue_penalty,3661,4947,昂寶-KY,revenue_anomaly_soft_penalty_rerank_selected_alternative,entry_open/entry_close/exit_close official unadjusted OHLC for reranked selected ticker,Radar/Data bounded selected-ticker OHLC gap fill
2019-09-12,,,strict_revenue_penalty,3661,4947,昂寶-KY,revenue_anomaly_soft_penalty_rerank_selected_alternative,entry_open/entry_close/exit_close official unadjusted OHLC for reranked selected ticker,Radar/Data bounded selected-ticker OHLC gap fill
2019-12-06,2019-12-09,2019-12-16,mild_revenue_penalty,2330,2454,聯發科,revenue_anomaly_soft_penalty_rerank_selected_alternative,entry_open/entry_close/exit_close official unadjusted OHLC for reranked selected ticker,Radar/Data bounded selected-ticker OHLC gap fill
2019-12-06,2019-12-09,2019-12-16,balanced_revenue_penalty,2330,3034,聯詠,revenue_anomaly_soft_penalty_rerank_selected_alternative,entry_open/entry_close/exit_close official unadjusted OHLC for reranked selected ticker,Radar/Data bounded selected-ticker OHLC gap fill
2019-12-06,2019-12-09,2019-12-16,strict_revenue_penalty,2330,3034,聯詠,revenue_anomaly_soft_penalty_rerank_selected_alternative,entry_open/entry_close/exit_close official unadjusted OHLC for reranked selected ticker,Radar/Data bounded selected-ticker OHLC gap fill
2020-01-10,2020-01-13,2020-01-20,mild_revenue_penalty,3260,2383,台光電,revenue_anomaly_soft_penalty_rerank_selected_alternative,entry_open/entry_close/exit_close official unadjusted OHLC for reranked selected ticker,Radar/Data bounded selected-ticker OHLC gap fill
2020-01-10,2020-01-13,2020-01-20,balanced_revenue_penalty,3260,2383,台光電,revenue_anomaly_soft_penalty_rerank_selected_alternative,entry_open/entry_close/exit_close official unadjusted OHLC for reranked selected ticker,Radar/Data bounded selected-ticker OHLC gap fill
2020-01-10,2020-01-13,2020-01-20,strict_revenue_penalty,3260,2383,台光電,revenue_anomaly_soft_penalty_rerank_selected_alternative,entry_open/entry_close/exit_close official unadjusted OHLC for reranked selected ticker,Radar/Data bounded selected-ticker OHLC gap fill
2021-06-18,2021-06-21,2021-06-28,mild_revenue_penalty,2636,2330,台積電,revenue_anomaly_soft_penalty_rerank_selected_alternative,entry_open/entry_close/exit_close official unadjusted OHLC for reranked selected ticker,Radar/Data bounded selected-ticker OHLC gap fill
2021-06-18,2021-06-21,2021-06-28,balanced_revenue_penalty,2636,2330,台積電,revenue_anomaly_soft_penalty_rerank_selected_alternative,entry_open/entry_close/exit_close official unadjusted OHLC for reranked selected ticker,Radar/Data bounded selected-ticker OHLC gap fill
2021-06-18,2021-06-21,2021-06-28,strict_revenue_penalty,2636,2330,台積電,revenue_anomaly_soft_penalty_rerank_selected_alternative,entry_open/entry_close/exit_close official unadjusted OHLC for reranked selected ticker,Radar/Data bounded selected-ticker OHLC gap fill
2021-07-09,2021-07-12,2021-07-19,mild_revenue_penalty,2351,6269,台郡,revenue_anomaly_soft_penalty_rerank_selected_alternative,entry_open/entry_close/exit_close official unadjusted OHLC for reranked selected ticker,Radar/Data bounded selected-ticker OHLC gap fill
2021-07-09,2021-07-12,2021-07-19,balanced_revenue_penalty,2351,6269,台郡,revenue_anomaly_soft_penalty_rerank_selected_alternative,entry_open/entry_close/exit_close official unadjusted OHLC for reranked selected ticker,Radar/Data bounded selected-ticker OHLC gap fill
2021-07-09,2021-07-12,2021-07-19,strict_revenue_penalty,2351,6269,台郡,revenue_anomaly_soft_penalty_rerank_selected_alternative,entry_open/entry_close/exit_close official unadjusted OHLC for reranked selected ticker,Radar/Data bounded selected-ticker OHLC gap fill
2021-12-30,2022-01-03,2022-01-10,mild_revenue_penalty,8478,2409,友達,revenue_anomaly_soft_penalty_rerank_selected_alternative,entry_open/entry_close/exit_close official unadjusted OHLC for reranked selected ticker,Radar/Data bounded selected-ticker OHLC gap fill
2021-12-30,2022-01-03,2022-01-10,balanced_revenue_penalty,8478,2409,友達,revenue_anomaly_soft_penalty_rerank_selected_alternative,entry_open/entry_close/exit_close official unadjusted OHLC for reranked selected ticker,Radar/Data bounded selected-ticker OHLC gap fill
2021-12-30,2022-01-03,2022-01-10,strict_revenue_penalty,8478,2409,友達,revenue_anomaly_soft_penalty_rerank_selected_alternative,entry_open/entry_close/exit_close official unadjusted OHLC for reranked selected ticker,Radar/Data bounded selected-ticker OHLC gap fill
2021-12-30,2022-01-03,2022-01-10,anomaly_veto_only_when_alternative_available,8478,2409,友達,revenue_anomaly_soft_penalty_rerank_selected_alternative,entry_open/entry_close/exit_close official unadjusted OHLC for reranked selected ticker,Radar/Data bounded selected-ticker OHLC gap fill
2022-08-12,2022-08-15,2022-08-22,mild_revenue_penalty,6796,4915,致伸,revenue_anomaly_soft_penalty_rerank_selected_alternative,entry_open/entry_close/exit_close official unadjusted OHLC for reranked selected ticker,Radar/Data bounded selected-ticker OHLC gap fill
2022-08-12,2022-08-15,2022-08-22,balanced_revenue_penalty,6796,4915,致伸,revenue_anomaly_soft_penalty_rerank_selected_alternative,entry_open/entry_close/exit_close official unadjusted OHLC for reranked selected ticker,Radar/Data bounded selected-ticker OHLC gap fill
2022-08-12,2022-08-15,2022-08-22,strict_revenue_penalty,6796,4915,致伸,revenue_anomaly_soft_penalty_rerank_selected_alternative,entry_open/entry_close/exit_close official unadjusted OHLC for reranked selected ticker,Radar/Data bounded selected-ticker OHLC gap fill
2023-03-24,,,mild_revenue_penalty,2453,2605,新興,revenue_anomaly_soft_penalty_rerank_selected_alternative,entry_open/entry_close/exit_close official unadjusted OHLC for reranked selected ticker,Radar/Data bounded selected-ticker OHLC gap fill
2023-03-24,,,balanced_revenue_penalty,2453,2605,新興,revenue_anomaly_soft_penalty_rerank_selected_alternative,entry_open/entry_close/exit_close official unadjusted OHLC for reranked selected ticker,Radar/Data bounded selected-ticker OHLC gap fill
2023-03-24,,,strict_revenue_penalty,2453,2605,新興,revenue_anomaly_soft_penalty_rerank_selected_alternative,entry_open/entry_close/exit_close official unadjusted OHLC for reranked selected ticker,Radar/Data bounded selected-ticker OHLC gap fill
2023-11-17,,,mild_revenue_penalty,2388,1795,美時,revenue_anomaly_soft_penalty_rerank_selected_alternative,entry_open/entry_close/exit_close official unadjusted OHLC for reranked selected ticker,Radar/Data bounded selected-ticker OHLC gap fill
2023-11-17,,,balanced_revenue_penalty,2388,1795,美時,revenue_anomaly_soft_penalty_rerank_selected_alternative,entry_open/entry_close/exit_close official unadjusted OHLC for reranked selected ticker,Radar/Data bounded selected-ticker OHLC gap fill
2023-11-17,,,strict_revenue_penalty,2388,2610,華航,revenue_anomaly_soft_penalty_rerank_selected_alternative,entry_open/entry_close/exit_close official unadjusted OHLC for reranked selected ticker,Radar/Data bounded selected-ticker OHLC gap fill
2025-05-16,2025-05-19,2025-05-26,mild_revenue_penalty,2615,2330,台積電,revenue_anomaly_soft_penalty_rerank_selected_alternative,entry_open/entry_close/exit_close official unadjusted OHLC for reranked selected ticker,Radar/Data bounded selected-ticker OHLC gap fill
2025-05-16,2025-05-19,2025-05-26,balanced_revenue_penalty,2615,2330,台積電,revenue_anomaly_soft_penalty_rerank_selected_alternative,entry_open/entry_close/exit_close official unadjusted OHLC for reranked selected ticker,Radar/Data bounded selected-ticker OHLC gap fill
2025-05-16,2025-05-19,2025-05-26,strict_revenue_penalty,2615,2330,台積電,revenue_anomaly_soft_penalty_rerank_selected_alternative,entry_open/entry_close/exit_close official unadjusted OHLC for reranked selected ticker,Radar/Data bounded selected-ticker OHLC gap fill
2025-08-08,,,mild_revenue_penalty,8021,3587,閎康,revenue_anomaly_soft_penalty_rerank_selected_alternative,entry_open/entry_close/exit_close official unadjusted OHLC for reranked selected ticker,Radar/Data bounded selected-ticker OHLC gap fill
2025-08-08,,,balanced_revenue_penalty,8021,3587,閎康,revenue_anomaly_soft_penalty_rerank_selected_alternative,entry_open/entry_close/exit_close official unadjusted OHLC for reranked selected ticker,Radar/Data bounded selected-ticker OHLC gap fill
2025-08-08,,,strict_revenue_penalty,8021,3587,閎康,revenue_anomaly_soft_penalty_rerank_selected_alternative,entry_open/entry_close/exit_close official unadjusted OHLC for reranked selected ticker,Radar/Data bounded selected-ticker OHLC gap fill
2025-12-26,,,mild_revenue_penalty,3105,3653,健策,revenue_anomaly_soft_penalty_rerank_selected_alternative,entry_open/entry_close/exit_close official unadjusted OHLC for reranked selected ticker,Radar/Data bounded selected-ticker OHLC gap fill
2025-12-26,,,balanced_revenue_penalty,3105,3653,健策,revenue_anomaly_soft_penalty_rerank_selected_alternative,entry_open/entry_close/exit_close official unadjusted OHLC for reranked selected ticker,Radar/Data bounded selected-ticker OHLC gap fill
2025-12-26,,,strict_revenue_penalty,3105,3653,健策,revenue_anomaly_soft_penalty_rerank_selected_alternative,entry_open/entry_close/exit_close official unadjusted OHLC for reranked selected ticker,Radar/Data bounded selected-ticker OHLC gap fill
2026-01-02,2026-01-05,2026-01-12,mild_revenue_penalty,4971,6691,洋基工程,revenue_anomaly_soft_penalty_rerank_selected_alternative,entry_open/entry_close/exit_close official unadjusted OHLC for reranked selected ticker,Radar/Data bounded selected-ticker OHLC gap fill
2026-01-02,2026-01-05,2026-01-12,balanced_revenue_penalty,4971,6691,洋基工程,revenue_anomaly_soft_penalty_rerank_selected_alternative,entry_open/entry_close/exit_close official unadjusted OHLC for reranked selected ticker,Radar/Data bounded selected-ticker OHLC gap fill
2026-01-02,2026-01-05,2026-01-12,strict_revenue_penalty,4971,6691,洋基工程,revenue_anomaly_soft_penalty_rerank_selected_alternative,entry_open/entry_close/exit_close official unadjusted OHLC for reranked selected ticker,Radar/Data bounded selected-ticker OHLC gap fill
2026-01-23,2026-01-26,2026-02-02,mild_revenue_penalty,3037,3131,弘塑,revenue_anomaly_soft_penalty_rerank_selected_alternative,entry_open/entry_close/exit_close official unadjusted OHLC for reranked selected ticker,Radar/Data bounded selected-ticker OHLC gap fill
2026-01-23,2026-01-26,2026-02-02,balanced_revenue_penalty,3037,3131,弘塑,revenue_anomaly_soft_penalty_rerank_selected_alternative,entry_open/entry_close/exit_close official unadjusted OHLC for reranked selected ticker,Radar/Data bounded selected-ticker OHLC gap fill
2026-01-23,2026-01-26,2026-02-02,strict_revenue_penalty,3037,3131,弘塑,revenue_anomaly_soft_penalty_rerank_selected_alternative,entry_open/entry_close/exit_close official unadjusted OHLC for reranked selected ticker,Radar/Data bounded selected-ticker OHLC gap fill
2026-04-10,,,mild_revenue_penalty,3163,3702,大聯大,revenue_anomaly_soft_penalty_rerank_selected_alternative,entry_open/entry_close/exit_close official unadjusted OHLC for reranked selected ticker,Radar/Data bounded selected-ticker OHLC gap fill
2026-04-10,,,balanced_revenue_penalty,3163,3702,大聯大,revenue_anomaly_soft_penalty_rerank_selected_alternative,entry_open/entry_close/exit_close official unadjusted OHLC for reranked selected ticker,Radar/Data bounded selected-ticker OHLC gap fill
2026-04-10,,,strict_revenue_penalty,3163,3702,大聯大,revenue_anomaly_soft_penalty_rerank_selected_alternative,entry_open/entry_close/exit_close official unadjusted OHLC for reranked selected ticker,Radar/Data bounded selected-ticker OHLC gap fill
2026-05-29,2026-06-01,2026-06-08,mild_revenue_penalty,2330,2317,鴻海,revenue_anomaly_soft_penalty_rerank_selected_alternative,entry_open/entry_close/exit_close official unadjusted OHLC for reranked selected ticker,Radar/Data bounded selected-ticker OHLC gap fill
2026-05-29,2026-06-01,2026-06-08,balanced_revenue_penalty,2330,2317,鴻海,revenue_anomaly_soft_penalty_rerank_selected_alternative,entry_open/entry_close/exit_close official unadjusted OHLC for reranked selected ticker,Radar/Data bounded selected-ticker OHLC gap fill
2026-05-29,2026-06-01,2026-06-08,strict_revenue_penalty,2330,2317,鴻海,revenue_anomaly_soft_penalty_rerank_selected_alternative,entry_open/entry_close/exit_close official unadjusted OHLC for reranked selected ticker,Radar/Data bounded selected-ticker OHLC gap fill
