path,size_mb_audit,deleted_size_mb,classification,reason,delete_executed
outputs/regime_mode_switch_backtest_v23_existing_variants_single_year,20.84,20.84004,delete_or_archive_after_user_approval,Untracked generated data; likely rebuildable but requires approval before cleanup.,True
tmp,17.056,17.056005,delete_or_archive_after_user_approval,Temporary/debug/smoke/preliminary output; keep until user approves cleanup.,True
outputs/pool3_independent_stock_expert_experiments_replay_20260625,12.089,12.089396,delete_or_archive_after_user_approval,Untracked generated data; likely rebuildable but requires approval before cleanup.,True
outputs/pool3_vote_state_experiments_replay_20260624,11.63,11.630144,delete_or_archive_after_user_approval,Untracked generated data; likely rebuildable but requires approval before cleanup.,True
outputs/pool3_independent_stock_expert_20260625,11.594,11.593744,delete_or_archive_after_user_approval,Untracked generated data; likely rebuildable but requires approval before cleanup.,True
outputs/pool3_direction_state_experiments_replay_20260624,11.456,11.456331,delete_or_archive_after_user_approval,Untracked generated data; likely rebuildable but requires approval before cleanup.,True
outputs/pool3_pure_stock_low_correlation_experiments_replay_20260624,10.585,10.585285,delete_or_archive_after_user_approval,Untracked generated data; likely rebuildable but requires approval before cleanup.,True
outputs/stock_pool_observations_candidate_display_fix_smoke_20260626,9.387,9.386602,delete_or_archive_after_user_approval,Temporary/debug/smoke/preliminary output; keep until user approves cleanup.,True
outputs/pool3_style_complement_v2_experiments_replay_20260624,8.037,8.037411,delete_or_archive_after_user_approval,Untracked generated data; likely rebuildable but requires approval before cleanup.,True
outputs/pool1_pool2_veto_cap_downweight_panels_20260626,7.565,7.565233,delete_or_archive_after_user_approval,Untracked generated data; likely rebuildable but requires approval before cleanup.,True
outputs/execution_position_transition_runner_20260626,7.057,7.057149,delete_or_archive_after_user_approval,Untracked generated data; likely rebuildable but requires approval before cleanup.,True
outputs/stock_pool_consensus_health_replay_style_complement_daily_20260624,6.812,6.812139,delete_or_archive_after_user_approval,Untracked generated data; likely rebuildable but requires approval before cleanup.,True
outputs/pool1_pool2_market_exposure_override_panels_20260626,6.418,6.417562,delete_or_archive_after_user_approval,Untracked generated data; likely rebuildable but requires approval before cleanup.,True
outputs/regime_mode_switch_backtest_v60_m20_preproof_dynamic,6.171,6.170692,delete_or_archive_after_user_approval,Untracked generated data; likely rebuildable but requires approval before cleanup.,True
outputs/pool2_date_batched_persistence_smoke_201506_201512_20260702,5.998,5.997738,delete_or_archive_after_user_approval,Temporary/debug/smoke/preliminary output; keep until user approves cleanup.,True
outputs/pool2_date_batched_persistence_smoke_fast_201506_201512_20260702,5.997,5.997422,delete_or_archive_after_user_approval,Temporary/debug/smoke/preliminary output; keep until user approves cleanup.,True
outputs/challenger_search_20260613_adaptive_cadence_breakout_v2,5.71,5.710375,delete_or_archive_after_user_approval,Temporary/debug/smoke/preliminary output; keep until user approves cleanup.,True
outputs/strategy_validation_matrix_attack_guard_candidates,5.457,5.456918,delete_or_archive_after_user_approval,Untracked generated data; likely rebuildable but requires approval before cleanup.,True
outputs/regime_mode_switch_backtest_v50_cycle_cadence,5.452,5.452023,delete_or_archive_after_user_approval,Untracked generated data; likely rebuildable but requires approval before cleanup.,True
outputs/regime_mode_switch_backtest_v53_cycle_cadence_role_separated,5.452,5.452023,delete_or_archive_after_user_approval,Untracked generated data; likely rebuildable but requires approval before cleanup.,True
outputs/regime_mode_switch_backtest_v33_leveraged_fallback_selector,4.99,4.990186,delete_or_archive_after_user_approval,Untracked generated data; likely rebuildable but requires approval before cleanup.,True
outputs/regime_mode_switch_backtest_v28_stop_latch_health_release,4.982,4.981794,delete_or_archive_after_user_approval,Untracked generated data; likely rebuildable but requires approval before cleanup.,True
outputs/candidate_ranking_score_contract_2015_2021_20260703,4.866,4.86642,delete_or_archive_after_user_approval,Untracked generated data; likely rebuildable but requires approval before cleanup.,True
outputs/regime_mode_switch_backtest_v30_attack_gate_fine_sweep,4.703,4.70271,delete_or_archive_after_user_approval,Untracked generated data; likely rebuildable but requires approval before cleanup.,True
outputs/challenger_search_20260613_mature_bull_cadence,4.695,4.695241,delete_or_archive_after_user_approval,Temporary/debug/smoke/preliminary output; keep until user approves cleanup.,True
outputs/regime_mode_switch_backtest_v36_fast_risk_strategy_selector,4.676,4.676009,delete_or_archive_after_user_approval,Untracked generated data; likely rebuildable but requires approval before cleanup.,True
outputs/regime_mode_switch_backtest_v24_asymmetric_attack_defense,4.553,4.55301,delete_or_archive_after_user_approval,Untracked generated data; likely rebuildable but requires approval before cleanup.,True
outputs/regime_mode_switch_backtest_v34_asymmetric_strategy_selector,4.498,4.498285,delete_or_archive_after_user_approval,Untracked generated data; likely rebuildable but requires approval before cleanup.,True
outputs/strategy_validation_matrix_full_attack_guard_candidates,4.453,4.453288,delete_or_archive_after_user_approval,Untracked generated data; likely rebuildable but requires approval before cleanup.,True
outputs/regime_mode_switch_backtest_v29_attack_gate_latch,4.428,4.428202,delete_or_archive_after_user_approval,Untracked generated data; likely rebuildable but requires approval before cleanup.,True
outputs/regime_mode_switch_backtest_v35_stop_latched_strategy_selector,4.361,4.361433,delete_or_archive_after_user_approval,Untracked generated data; likely rebuildable but requires approval before cleanup.,True
outputs/regime_mode_switch_backtest_v27_stop_latch_defense_sweep,4.352,4.352324,delete_or_archive_after_user_approval,Untracked generated data; likely rebuildable but requires approval before cleanup.,True
outputs/regime_mode_switch_backtest_v61_m20_initial_acceleration,4.177,4.176757,delete_or_archive_after_user_approval,Untracked generated data; likely rebuildable but requires approval before cleanup.,True
outputs/pool3_radar_weighted_overlay_replay_20260623,4.059,4.058996,delete_or_archive_after_user_approval,Untracked generated data; likely rebuildable but requires approval before cleanup.,True
outputs/challenger_search_20260613_adaptive_cadence_breakout,3.82,3.82008,delete_or_archive_after_user_approval,Temporary/debug/smoke/preliminary output; keep until user approves cleanup.,True
outputs/regime_mode_switch_backtest_v62_m20_accel60_full_check,3.68,3.680413,delete_or_archive_after_user_approval,Untracked generated data; likely rebuildable but requires approval before cleanup.,True
outputs/challenger_search_20260613_ep05_recent_full_cadence,3.662,3.661665,delete_or_archive_after_user_approval,Temporary/debug/smoke/preliminary output; keep until user approves cleanup.,True
outputs/experiments_solo_safe_gate_dense_replay_20260620,3.599,3.599442,delete_or_archive_after_user_approval,Untracked generated data; likely rebuildable but requires approval before cleanup.,True
outputs/regime_mode_switch_backtest_v55_market_exposure_ladder,3.544,3.54436,delete_or_archive_after_user_approval,Untracked generated data; likely rebuildable but requires approval before cleanup.,True
outputs/ep09_dip_buying_material_pack_202105_202605,3.512,3.512172,delete_or_archive_after_user_approval,Untracked generated data; likely rebuildable but requires approval before cleanup.,True
outputs/regime_mode_switch_backtest_v59_preproof_dynamic_side_effect,3.492,3.491789,delete_or_archive_after_user_approval,Untracked generated data; likely rebuildable but requires approval before cleanup.,True
outputs/regime_mode_switch_backtest_v13_margin_defense,3.47,3.46986,delete_or_archive_after_user_approval,Untracked generated data; likely rebuildable but requires approval before cleanup.,True
outputs/regime_mode_switch_backtest_v12_five_regime_strict,3.345,3.345121,delete_or_archive_after_user_approval,Untracked generated data; likely rebuildable but requires approval before cleanup.,True
outputs/challenger_search_20260613_adaptive_cadence,3.284,3.284217,delete_or_archive_after_user_approval,Temporary/debug/smoke/preliminary output; keep until user approves cleanup.,True
outputs/bear_defense_backtest_v2,3.242,3.242052,delete_or_archive_after_user_approval,Untracked generated data; likely rebuildable but requires approval before cleanup.,True
outputs/regime_mode_switch_backtest_v11_five_regime,3.138,3.137807,delete_or_archive_after_user_approval,Untracked generated data; likely rebuildable but requires approval before cleanup.,True
outputs/regime_mode_switch_backtest_v57_preproof_dynamic_exposure,3.113,3.113075,delete_or_archive_after_user_approval,Untracked generated data; likely rebuildable but requires approval before cleanup.,True
outputs/regime_mode_switch_backtest_v40_two_stage_fast_guard,2.972,2.971876,delete_or_archive_after_user_approval,Untracked generated data; likely rebuildable but requires approval before cleanup.,True
outputs/ad_hoc,2.959,2.958629,delete_or_archive_after_user_approval,Temporary/debug/smoke/preliminary output; keep until user approves cleanup.,True
outputs/regime_mode_switch_backtest_v26_stop_latch,2.94,2.940186,delete_or_archive_after_user_approval,Untracked generated data; likely rebuildable but requires approval before cleanup.,True
outputs/three_pool_vs_pool1_comparison_panels_20260626,2.886,2.886003,delete_or_archive_after_user_approval,Untracked generated data; likely rebuildable but requires approval before cleanup.,True
outputs/regime_mode_switch_backtest_v52_cycle_asset_roles_split,2.869,2.86927,delete_or_archive_after_user_approval,Untracked generated data; likely rebuildable but requires approval before cleanup.,True
outputs/challenger_search_20260613_cadence,2.776,2.775524,delete_or_archive_after_user_approval,Temporary/debug/smoke/preliminary output; keep until user approves cleanup.,True
outputs/regime_mode_switch_backtest_v38_fallback_only_risk_selector_state_fix,2.737,2.736529,delete_or_archive_after_user_approval,Untracked generated data; likely rebuildable but requires approval before cleanup.,True
outputs/regime_mode_switch_backtest_v37_fallback_only_risk_selector,2.737,2.736508,delete_or_archive_after_user_approval,Untracked generated data; likely rebuildable but requires approval before cleanup.,True
outputs/regime_mode_switch_backtest_v31_attack_gate_persistence,2.728,2.728219,delete_or_archive_after_user_approval,Untracked generated data; likely rebuildable but requires approval before cleanup.,True
outputs/partial_execution_ledger_20260625,2.703,2.703032,delete_or_archive_after_user_approval,Untracked generated data; likely rebuildable but requires approval before cleanup.,True
outputs/regime_mode_switch_backtest_v49_cycle_preproof_exposure,2.637,2.636949,delete_or_archive_after_user_approval,Untracked generated data; likely rebuildable but requires approval before cleanup.,True
outputs/regime_mode_switch_backtest_v32_attack_gate_acceleration,2.584,2.584455,delete_or_archive_after_user_approval,Untracked generated data; likely rebuildable but requires approval before cleanup.,True
outputs/regime_mode_switch_backtest_v39_two_stage_attack_selector,2.55,2.550391,delete_or_archive_after_user_approval,Untracked generated data; likely rebuildable but requires approval before cleanup.,True
outputs/regime_mode_switch_backtest_v9_adaptive_margin,2.521,2.521068,delete_or_archive_after_user_approval,Untracked generated data; likely rebuildable but requires approval before cleanup.,True
outputs/regime_mode_switch_backtest_v25_strategy_health_hysteresis,2.373,2.372703,delete_or_archive_after_user_approval,Untracked generated data; likely rebuildable but requires approval before cleanup.,True
outputs/stock_pool_consensus_health_replay_20260623,2.366,2.365905,delete_or_archive_after_user_approval,Untracked generated data; likely rebuildable but requires approval before cleanup.,True
outputs/regime_mode_switch_backtest_v51_cycle_asset_roles,2.333,2.332642,delete_or_archive_after_user_approval,Untracked generated data; likely rebuildable but requires approval before cleanup.,True
outputs/core_model_logic_refactor_20260618,2.316,2.316315,delete_or_archive_after_user_approval,Untracked generated data; likely rebuildable but requires approval before cleanup.,True
outputs/regime_mode_switch_backtest_v41_two_stage_cash_guard,2.291,2.290777,delete_or_archive_after_user_approval,Untracked generated data; likely rebuildable but requires approval before cleanup.,True
outputs/regime_mode_switch_backtest_v48_cycle_proven_history_active_init,2.176,2.176029,delete_or_archive_after_user_approval,Untracked generated data; likely rebuildable but requires approval before cleanup.,True
outputs/regime_mode_switch_backtest_v47_cycle_proven_history_init,2.172,2.172003,delete_or_archive_after_user_approval,Untracked generated data; likely rebuildable but requires approval before cleanup.,True
outputs/bear_defense_backtest_v1,2.17,2.170254,delete_or_archive_after_user_approval,Untracked generated data; likely rebuildable but requires approval before cleanup.,True
outputs/rapid_reversal_partial_switch_narrow_20260625,2.133,2.132731,delete_or_archive_after_user_approval,Untracked generated data; likely rebuildable but requires approval before cleanup.,True
outputs/regime_mode_switch_backtest_v58_preproof_bull_ma200_exposure_sweep,2.022,2.022258,delete_or_archive_after_user_approval,Untracked generated data; likely rebuildable but requires approval before cleanup.,True
outputs/p3v2_20260624,1.953,1.95341,delete_or_archive_after_user_approval,Untracked generated data; likely rebuildable but requires approval before cleanup.,True
outputs/p3pure_20260624,1.842,1.841902,delete_or_archive_after_user_approval,Untracked generated data; likely rebuildable but requires approval before cleanup.,True
outputs/regime_mode_switch_backtest_v42_cycle_proven_selector,1.841,1.840654,delete_or_archive_after_user_approval,Untracked generated data; likely rebuildable but requires approval before cleanup.,True
outputs/challenger_search_20260613_market_ladder,1.802,1.802423,delete_or_archive_after_user_approval,Temporary/debug/smoke/preliminary output; keep until user approves cleanup.,True
work,1.689,1.689141,delete_or_archive_after_user_approval,Untracked generated data; likely rebuildable but requires approval before cleanup.,True
outputs/frozen_strategy_monitor,1.675,1.674944,delete_or_archive_after_user_approval,Untracked generated data; likely rebuildable but requires approval before cleanup.,True
outputs/regime_mode_switch_backtest_v5_market_guard,1.57,1.569616,delete_or_archive_after_user_approval,Untracked generated data; likely rebuildable but requires approval before cleanup.,True
outputs/final_decision_layer_fake_actionable_watch_label_20260625,1.569,1.568846,delete_or_archive_after_user_approval,Untracked generated data; likely rebuildable but requires approval before cleanup.,True
outputs/challenger_search_20260613_asset_role,1.461,1.460941,delete_or_archive_after_user_approval,Temporary/debug/smoke/preliminary output; keep until user approves cleanup.,True
outputs/pool1_ticker_lifecycle_contract_201411_202112_20260702,1.407,1.407352,delete_or_archive_after_user_approval,Untracked generated data; likely rebuildable but requires approval before cleanup.,True
outputs/challenger_search_20260613_weekend_guard_last_trading_day,1.319,1.319227,delete_or_archive_after_user_approval,Temporary/debug/smoke/preliminary output; keep until user approves cleanup.,True
outputs/regime_mode_switch_backtest_v44_cycle_proven_exclude_wistron,1.281,1.281287,delete_or_archive_after_user_approval,Untracked generated data; likely rebuildable but requires approval before cleanup.,True
outputs/regime_mode_switch_backtest_v4_trend_filter,1.268,1.267569,delete_or_archive_after_user_approval,Untracked generated data; likely rebuildable but requires approval before cleanup.,True
outputs/regime_mode_switch_backtest_v45_cycle_proven_exclude_wiwynn,1.266,1.26571,delete_or_archive_after_user_approval,Untracked generated data; likely rebuildable but requires approval before cleanup.,True
outputs/challenger_search_20260613_ep05_recent_last_trading_day,1.25,1.249589,delete_or_archive_after_user_approval,Temporary/debug/smoke/preliminary output; keep until user approves cleanup.,True
outputs/regime_aware_backtest_2020_2026,1.161,1.160518,delete_or_archive_after_user_approval,Untracked generated data; likely rebuildable but requires approval before cleanup.,True
outputs/regime_aware_backtest_2021_2024_split,1.142,1.141944,delete_or_archive_after_user_approval,Untracked generated data; likely rebuildable but requires approval before cleanup.,True
outputs/regime_mode_switch_backtest_v3_stop,1.029,1.029002,delete_or_archive_after_user_approval,Untracked generated data; likely rebuildable but requires approval before cleanup.,True
outputs/ep05_v0,1.008,1.007669,delete_or_archive_after_user_approval,Untracked generated data; likely rebuildable but requires approval before cleanup.,True
outputs/date_aware_dynamic_universe_state_replay_201411_202112_20260702,0.966,0.965716,delete_or_archive_after_user_approval,Untracked generated data; likely rebuildable but requires approval before cleanup.,True
outputs/challenger_search_20260613_ep05_recent_weekly_fri,0.925,0.925346,delete_or_archive_after_user_approval,Temporary/debug/smoke/preliminary output; keep until user approves cleanup.,True
outputs/ep07_old_vs_best_model_materials_v20260606,0.868,0.867616,delete_or_archive_after_user_approval,Untracked generated data; likely rebuildable but requires approval before cleanup.,True
outputs/pool1_attack_gate_state_replay_201411_202112_20260702,0.794,0.794405,delete_or_archive_after_user_approval,Untracked generated data; likely rebuildable but requires approval before cleanup.,True
outputs/challenger_search_20260613_weekend_guard_fri_gap2,0.77,0.770493,delete_or_archive_after_user_approval,Temporary/debug/smoke/preliminary output; keep until user approves cleanup.,True
backtest_outputs,0.769,0.76892,delete_or_archive_after_user_approval,Untracked generated data; likely rebuildable but requires approval before cleanup.,True
outputs/regime_mode_switch_backtest_v2,0.768,0.768282,delete_or_archive_after_user_approval,Untracked generated data; likely rebuildable but requires approval before cleanup.,True
outputs/pool1_dynamic_score_margin_state_adapter_201411_202112_20260702,0.754,0.754184,delete_or_archive_after_user_approval,Untracked generated data; likely rebuildable but requires approval before cleanup.,True
outputs/tmp_debug_dynamic_full,0.744,0.743672,delete_or_archive_after_user_approval,Temporary/debug/smoke/preliminary output; keep until user approves cleanup.,True
outputs/pool3_event_level_decision_diff_independent_base_20260625,0.705,0.704878,delete_or_archive_after_user_approval,Untracked generated data; likely rebuildable but requires approval before cleanup.,True
outputs/weekly_signal_day_backtest_2020_2026,0.7,0.700014,delete_or_archive_after_user_approval,Untracked generated data; likely rebuildable but requires approval before cleanup.,True
outputs/tmp_twse_institutional_flow_smoke_20260627,0.698,0.69834,delete_or_archive_after_user_approval,Temporary/debug/smoke/preliminary output; keep until user approves cleanup.,True
outputs/three_model_2018_2023_comparison_v20260606,0.695,0.695211,delete_or_archive_after_user_approval,Untracked generated data; likely rebuildable but requires approval before cleanup.,True
outputs/stock_pool_observations_formal_baseline_smoke_20260626,0.691,0.690598,delete_or_archive_after_user_approval,Temporary/debug/smoke/preliminary output; keep until user approves cleanup.,True
outputs/experiments_solo_safe_gate_historical_20260620,0.69,0.689962,delete_or_archive_after_user_approval,Untracked generated data; likely rebuildable but requires approval before cleanup.,True
outputs/pool1_date_aware_formal_attack_gate_contract_201411_202112_20260702,0.656,0.656375,delete_or_archive_after_user_approval,Untracked generated data; likely rebuildable but requires approval before cleanup.,True
outputs/challenger_search_20260613_ep05_recent_daily_analysis,0.653,0.652635,delete_or_archive_after_user_approval,Temporary/debug/smoke/preliminary output; keep until user approves cleanup.,True
outputs/rr_partial_switch_paper_trade_shadow_20260625,0.652,0.652129,delete_or_archive_after_user_approval,Untracked generated data; likely rebuildable but requires approval before cleanup.,True
outputs/regime_mode_switch_backtest_v1,0.609,0.609138,delete_or_archive_after_user_approval,Untracked generated data; likely rebuildable but requires approval before cleanup.,True
outputs/strategy_validation_matrix_gate_smoke_v2,0.601,0.601015,delete_or_archive_after_user_approval,Temporary/debug/smoke/preliminary output; keep until user approves cleanup.,True
outputs/ep06_gpt_visual_data_pack,0.6,0.599951,delete_or_archive_after_user_approval,Untracked generated data; likely rebuildable but requires approval before cleanup.,True
outputs/stock_pool_observations_formal_baseline_label_fix_v2_smoke_20260626,0.597,0.596507,delete_or_archive_after_user_approval,Temporary/debug/smoke/preliminary output; keep until user approves cleanup.,True
outputs/stock_pool_observations_chip_context_smoke_20260627,0.596,0.596468,delete_or_archive_after_user_approval,Temporary/debug/smoke/preliminary output; keep until user approves cleanup.,True
outputs/stock_pool_observations_formal_baseline_label_fix_smoke_20260626,0.596,0.596443,delete_or_archive_after_user_approval,Temporary/debug/smoke/preliminary output; keep until user approves cleanup.,True
outputs/stock_pool_observations_formal_baseline_label_fix_final_smoke_20260626,0.594,0.59395,delete_or_archive_after_user_approval,Temporary/debug/smoke/preliminary output; keep until user approves cleanup.,True
outputs/no_target_risk_off_formal_challenger_smoke_20260702,0.588,0.587669,delete_or_archive_after_user_approval,Temporary/debug/smoke/preliminary output; keep until user approves cleanup.,True
outputs/regime_mode_switch_backtest_v14_adaptive_defense,0.587,0.586584,delete_or_archive_after_user_approval,Untracked generated data; likely rebuildable but requires approval before cleanup.,True
outputs/pool1_dynamic_adapter_2022_equivalence_20260702,0.582,0.582479,delete_or_archive_after_user_approval,Untracked generated data; likely rebuildable but requires approval before cleanup.,True
outputs/stock_pool_observations_live_risk_regime_smoke_20260627,0.58,0.579666,delete_or_archive_after_user_approval,Temporary/debug/smoke/preliminary output; keep until user approves cleanup.,True
outputs/stock_pool_observations_pool2_confirmation_readability_smoke_20260630_v2,0.579,0.579453,delete_or_archive_after_user_approval,Temporary/debug/smoke/preliminary output; keep until user approves cleanup.,True
outputs/stock_pool_observations_pool2_confirmation_readability_smoke_20260630,0.579,0.579389,delete_or_archive_after_user_approval,Temporary/debug/smoke/preliminary output; keep until user approves cleanup.,True
outputs/stock_pool_observations_remove_cashflow_overlap_smoke_20260627,0.571,0.570961,delete_or_archive_after_user_approval,Temporary/debug/smoke/preliminary output; keep until user approves cleanup.,True
outputs/stock_pool_observations_table_layout_polish_smoke_20260627,0.571,0.570732,delete_or_archive_after_user_approval,Temporary/debug/smoke/preliminary output; keep until user approves cleanup.,True
outputs/stock_pool_observations_target_stability_warning_smoke_20260627,0.57,0.569911,delete_or_archive_after_user_approval,Temporary/debug/smoke/preliminary output; keep until user approves cleanup.,True
outputs/stock_pool_observations_chip_context_ready_smoke_20260629,0.567,0.566549,delete_or_archive_after_user_approval,Temporary/debug/smoke/preliminary output; keep until user approves cleanup.,True
outputs/stock_pool_observations_cashflow_boundary_smoke_20260627,0.555,0.554688,delete_or_archive_after_user_approval,Temporary/debug/smoke/preliminary output; keep until user approves cleanup.,True
outputs/stock_pool_observations_user_reason_fix_smoke_v3_20260627,0.549,0.549291,delete_or_archive_after_user_approval,Temporary/debug/smoke/preliminary output; keep until user approves cleanup.,True
outputs/stock_pool_observations_user_reason_fix_smoke_v2_20260627,0.549,0.548904,delete_or_archive_after_user_approval,Temporary/debug/smoke/preliminary output; keep until user approves cleanup.,True
outputs/stock_pool_observations_user_reason_fix_smoke_20260627,0.549,0.548812,delete_or_archive_after_user_approval,Temporary/debug/smoke/preliminary output; keep until user approves cleanup.,True
outputs/formal_vs_pool1_only_apples_to_apples_20260630,0.547,0.547256,delete_or_archive_after_user_approval,Untracked generated data; likely rebuildable but requires approval before cleanup.,True
outputs/stock_pool_observations_visible_report_fix_smoke_v2_20260626,0.547,0.546921,delete_or_archive_after_user_approval,Temporary/debug/smoke/preliminary output; keep until user approves cleanup.,True
outputs/stock_pool_observations_user_facing_chinese_smoke_20260627,0.544,0.543775,delete_or_archive_after_user_approval,Temporary/debug/smoke/preliminary output; keep until user approves cleanup.,True
outputs/stock_pool_observations_formal_baseline_no_pool3_smoke_20260626,0.543,0.543077,delete_or_archive_after_user_approval,Temporary/debug/smoke/preliminary output; keep until user approves cleanup.,True
outputs/model_scorecard_report,0.533,0.532548,delete_or_archive_after_user_approval,Untracked generated data; likely rebuildable but requires approval before cleanup.,True
outputs/stock_pool_observations_text_wrap_smoke_v2_20260627,0.519,0.519349,delete_or_archive_after_user_approval,Temporary/debug/smoke/preliminary output; keep until user approves cleanup.,True
outputs/stock_pool_observations_text_wrap_smoke_v3_20260627,0.519,0.519305,delete_or_archive_after_user_approval,Temporary/debug/smoke/preliminary output; keep until user approves cleanup.,True
outputs/stock_pool_observations_text_wrap_smoke_20260627,0.519,0.518723,delete_or_archive_after_user_approval,Temporary/debug/smoke/preliminary output; keep until user approves cleanup.,True
outputs/stock_pool_observations_data_gate_smoke_v3_20260627,0.509,0.508533,delete_or_archive_after_user_approval,Temporary/debug/smoke/preliminary output; keep until user approves cleanup.,True
outputs/stock_pool_observations_data_gate_smoke_v4_20260627,0.509,0.508533,delete_or_archive_after_user_approval,Temporary/debug/smoke/preliminary output; keep until user approves cleanup.,True
outputs/stock_pool_observations_data_gate_smoke_20260627_batch,0.508,0.507677,delete_or_archive_after_user_approval,Temporary/debug/smoke/preliminary output; keep until user approves cleanup.,True
outputs/stock_pool_observations_data_gate_smoke_v2_20260627,0.508,0.507521,delete_or_archive_after_user_approval,Temporary/debug/smoke/preliminary output; keep until user approves cleanup.,True
outputs/stock_pool_observations_visible_report_fix_smoke_20260626,0.485,0.485106,delete_or_archive_after_user_approval,Temporary/debug/smoke/preliminary output; keep until user approves cleanup.,True
outputs/stock_pool_historical_replay_pool3_role_20260620_stride20,0.477,0.477031,delete_or_archive_after_user_approval,Untracked generated data; likely rebuildable but requires approval before cleanup.,True
outputs/weekly_signal_day_backtest_2021_2024_split,0.474,0.473641,delete_or_archive_after_user_approval,Untracked generated data; likely rebuildable but requires approval before cleanup.,True
outputs/text_only_formal_reports_20260629_20260630,0.418,0.41815,delete_or_archive_after_user_approval,Untracked generated data; likely rebuildable but requires approval before cleanup.,True
outputs/regime_mode_switch_backtest_v46_cycle_proven_year_split,0.415,0.415208,delete_or_archive_after_user_approval,Untracked generated data; likely rebuildable but requires approval before cleanup.,True
outputs/data_governance_storage_audit_20260704,0.414,0.406597,delete_or_archive_after_user_approval,Untracked generated data; likely rebuildable but requires approval before cleanup.,True
outputs/regime_mode_switch_backtest_v17_daily_health_gate,0.403,0.40313,delete_or_archive_after_user_approval,Untracked generated data; likely rebuildable but requires approval before cleanup.,True
outputs/cycle_proven_diversification_v10_weighted_top2_full,0.393,0.392876,delete_or_archive_after_user_approval,Untracked generated data; likely rebuildable but requires approval before cleanup.,True
outputs/chip_valuation_hypothesis_20260619,0.367,0.366673,delete_or_archive_after_user_approval,Untracked generated data; likely rebuildable but requires approval before cleanup.,True
outputs/stock_pool_observations_decision_first_ux_smoke_20260701_synthetic_ready,0.343,0.342555,delete_or_archive_after_user_approval,Temporary/debug/smoke/preliminary output; keep until user approves cleanup.,True
outputs/stock_pool_observations_decision_wording_smoke_20260701_synthetic_ready,0.337,0.337269,delete_or_archive_after_user_approval,Temporary/debug/smoke/preliminary output; keep until user approves cleanup.,True
outputs/final_decision_layer_report_boundary_20260625,0.333,0.33285,delete_or_archive_after_user_approval,Untracked generated data; likely rebuildable but requires approval before cleanup.,True
outputs/report_layout_negative_gap_fix_smoke_20260701,0.326,0.326098,delete_or_archive_after_user_approval,Temporary/debug/smoke/preliminary output; keep until user approves cleanup.,True
outputs/cycle_proven_diversification_v8_weighted_top2,0.322,0.322096,delete_or_archive_after_user_approval,Untracked generated data; likely rebuildable but requires approval before cleanup.,True
outputs/stock_pool_triad_v1_corrected,0.299,0.299359,delete_or_archive_after_user_approval,Untracked generated data; likely rebuildable but requires approval before cleanup.,True
outputs/live_path_tracker_20260623,0.297,0.29693,delete_or_archive_after_user_approval,Untracked generated data; likely rebuildable but requires approval before cleanup.,True
outputs/execution_layer_review_pool1_pool2_formal_20260626,0.294,0.293555,delete_or_archive_after_user_approval,Untracked generated data; likely rebuildable but requires approval before cleanup.,True
outputs/weekly_signal_day_backtest_ep05_2024_2026,0.273,0.272509,delete_or_archive_after_user_approval,Untracked generated data; likely rebuildable but requires approval before cleanup.,True
outputs/strategy_validation_matrix_gate_smoke,0.252,0.252229,delete_or_archive_after_user_approval,Temporary/debug/smoke/preliminary output; keep until user approves cleanup.,True
outputs/cycle_proven_diversification_v1,0.25,0.250273,delete_or_archive_after_user_approval,Untracked generated data; likely rebuildable but requires approval before cleanup.,True
outputs/final_decision_layer_forward_outcome_adapter_20260625,0.242,0.242155,delete_or_archive_after_user_approval,Untracked generated data; likely rebuildable but requires approval before cleanup.,True
outputs/execution_layer_event_study_fields_20260625,0.238,0.237971,delete_or_archive_after_user_approval,Untracked generated data; likely rebuildable but requires approval before cleanup.,True
outputs/frozen_strategy_monitor_validation,0.226,0.225783,delete_or_archive_after_user_approval,Untracked generated data; likely rebuildable but requires approval before cleanup.,True
outputs/regime_aware_backtest_2022_2025,0.217,0.217121,delete_or_archive_after_user_approval,Untracked generated data; likely rebuildable but requires approval before cleanup.,True
outputs/cycle_proven_diversification_v4_stop_fix,0.205,0.205079,delete_or_archive_after_user_approval,Untracked generated data; likely rebuildable but requires approval before cleanup.,True
outputs/cycle_proven_diversification_v3_rebalance_fix,0.205,0.204772,delete_or_archive_after_user_approval,Untracked generated data; likely rebuildable but requires approval before cleanup.,True
outputs/stock_pool_triad_v1,0.194,0.19447,delete_or_archive_after_user_approval,Untracked generated data; likely rebuildable but requires approval before cleanup.,True
outputs/regime_mode_switch_backtest_v18_strong_daily_health_gate,0.186,0.186231,delete_or_archive_after_user_approval,Untracked generated data; likely rebuildable but requires approval before cleanup.,True
outputs/cycle_proven_diversification_v9_weighted_top2_exclude_wistron,0.138,0.137926,delete_or_archive_after_user_approval,Untracked generated data; likely rebuildable but requires approval before cleanup.,True
outputs/cycle_proven_diversification_v2_exclude_wistron,0.114,0.113706,delete_or_archive_after_user_approval,Untracked generated data; likely rebuildable but requires approval before cleanup.,True
outputs/pool3_radar_satellite_smoke,0.106,0.106389,delete_or_archive_after_user_approval,Temporary/debug/smoke/preliminary output; keep until user approves cleanup.,True
outputs/stock_pool_observations_candidate_display_fix_cached_smoke_20260626,0.105,0.104727,delete_or_archive_after_user_approval,Temporary/debug/smoke/preliminary output; keep until user approves cleanup.,True
outputs/stock_pool_observations_decision_first_ux_smoke_20260701_synthetic,0.102,0.102015,delete_or_archive_after_user_approval,Temporary/debug/smoke/preliminary output; keep until user approves cleanup.,True
outputs/regime_mode_switch_backtest_v20_two_period_comparison,0.089,0.089177,delete_or_archive_after_user_approval,Untracked generated data; likely rebuildable but requires approval before cleanup.,True
outputs/cycle_proven_diversification_v5_exclude_wistron,0.089,0.089071,delete_or_archive_after_user_approval,Untracked generated data; likely rebuildable but requires approval before cleanup.,True
outputs/regime_mode_switch_backtest_v21_unified_9_asset_two_period,0.088,0.088474,delete_or_archive_after_user_approval,Untracked generated data; likely rebuildable but requires approval before cleanup.,True
outputs/regime_mode_switch_backtest_v19_fast_risk_overlay,0.086,0.086331,delete_or_archive_after_user_approval,Untracked generated data; likely rebuildable but requires approval before cleanup.,True
outputs/stock_pool_gate_v2_validation,0.083,0.082985,delete_or_archive_after_user_approval,Untracked generated data; likely rebuildable but requires approval before cleanup.,True
outputs/stock_pool_selection_layers_validation,0.082,0.081826,delete_or_archive_after_user_approval,Untracked generated data; likely rebuildable but requires approval before cleanup.,True
outputs/manual_rerun_fallback_smoke,0.082,0.081586,delete_or_archive_after_user_approval,Temporary/debug/smoke/preliminary output; keep until user approves cleanup.,True
outputs/cycle_proven_diversification_v6_exclude_wiwynn,0.078,0.077825,delete_or_archive_after_user_approval,Untracked generated data; likely rebuildable but requires approval before cleanup.,True
outputs/handoffs,0.066,0.065958,delete_or_archive_after_user_approval,Untracked generated data; likely rebuildable but requires approval before cleanup.,True
outputs/report_card_parenthesis_wrap_fix_smoke_20260701,0.05,0.050166,delete_or_archive_after_user_approval,Temporary/debug/smoke/preliminary output; keep until user approves cleanup.,True
outputs/stock_pool_consensus_health_replay_smoke_20260623,0.039,0.03888,delete_or_archive_after_user_approval,Temporary/debug/smoke/preliminary output; keep until user approves cleanup.,True
outputs/report_wording_boundary_smoke_20260625,0.034,0.033575,delete_or_archive_after_user_approval,Temporary/debug/smoke/preliminary output; keep until user approves cleanup.,True
outputs/regime_mode_switch_backtest_v15_ma240_candidates,0.033,0.033486,delete_or_archive_after_user_approval,Untracked generated data; likely rebuildable but requires approval before cleanup.,True
outputs/regime_mode_switch_backtest_v16_ma245_candidates,0.031,0.031341,delete_or_archive_after_user_approval,Untracked generated data; likely rebuildable but requires approval before cleanup.,True
outputs/stock_pool_historical_replay_20260620_smoke,0.02,0.019547,delete_or_archive_after_user_approval,Temporary/debug/smoke/preliminary output; keep until user approves cleanup.,True
outputs/long_range_data_completion_continue_dynamic_injection_smoke_20260702,0.018,0.018027,delete_or_archive_after_user_approval,Temporary/debug/smoke/preliminary output; keep until user approves cleanup.,True
outputs/formal_model_diagnosis_and_replay_20260626,0.016,0.015981,delete_or_archive_after_user_approval,Untracked generated data; likely rebuildable but requires approval before cleanup.,True
outputs/bear_defense_ma_sweep_v1,0.016,0.015704,delete_or_archive_after_user_approval,Untracked generated data; likely rebuildable but requires approval before cleanup.,True
outputs/tmp_repro_stock_pool_20260702,0.014,0.014424,delete_or_archive_after_user_approval,Temporary/debug/smoke/preliminary output; keep until user approves cleanup.,True
outputs/stock_pool_observations_decision_first_ux_smoke_20260701,0.014,0.013886,delete_or_archive_after_user_approval,Temporary/debug/smoke/preliminary output; keep until user approves cleanup.,True
outputs/stock_pool_observations_negative_gap_layout_fix_smoke_20260701,0.014,0.013886,delete_or_archive_after_user_approval,Temporary/debug/smoke/preliminary output; keep until user approves cleanup.,True
outputs/stock_pool_observations_data_gate_smoke_20260627,0.014,0.013571,delete_or_archive_after_user_approval,Temporary/debug/smoke/preliminary output; keep until user approves cleanup.,True
outputs/factor_input_coverage_20260619,0.013,0.013166,delete_or_archive_after_user_approval,Untracked generated data; likely rebuildable but requires approval before cleanup.,True
outputs/formal_absorb_pool1_pool2_combined_cap40_confirmation1_20260626,0.012,0.012347,delete_or_archive_after_user_approval,Untracked generated data; likely rebuildable but requires approval before cleanup.,True
outputs/consensus_health_diagnostic_fields_smoke_20260623,0.012,0.012318,delete_or_archive_after_user_approval,Temporary/debug/smoke/preliminary output; keep until user approves cleanup.,True
outputs/walk_forward_validation_v3_final,0.011,0.011451,delete_or_archive_after_user_approval,Untracked generated data; likely rebuildable but requires approval before cleanup.,True
outputs/walk_forward_validation_v2,0.011,0.011441,delete_or_archive_after_user_approval,Untracked generated data; likely rebuildable but requires approval before cleanup.,True
outputs/bear_defense_ma_sweep_v2_fine,0.01,0.010496,delete_or_archive_after_user_approval,Untracked generated data; likely rebuildable but requires approval before cleanup.,True
outputs/stock_pool_formal_daily_replay_stride20_smoke_20260623,0.01,0.009567,delete_or_archive_after_user_approval,Temporary/debug/smoke/preliminary output; keep until user approves cleanup.,True
outputs/factor_input_coverage_radar_20260620,0.009,0.009476,delete_or_archive_after_user_approval,Untracked generated data; likely rebuildable but requires approval before cleanup.,True
outputs/formal_model_incident_audit_20260701,0.009,0.009159,delete_or_archive_after_user_approval,Untracked generated data; likely rebuildable but requires approval before cleanup.,True
outputs/live_trading,0.008,0.008317,delete_or_archive_after_user_approval,Untracked generated data; likely rebuildable but requires approval before cleanup.,True
outputs/cost_model_audit_20260701,0.008,0.007805,delete_or_archive_after_user_approval,Untracked generated data; likely rebuildable but requires approval before cleanup.,True
outputs/no_target_risk_off_formal_absorption_review_20260702,0.007,0.007409,delete_or_archive_after_user_approval,Untracked generated data; likely rebuildable but requires approval before cleanup.,True
outputs/valuation_signal_snapshot,0.007,0.006546,delete_or_archive_after_user_approval,Untracked generated data; likely rebuildable but requires approval before cleanup.,True
outputs/pool3_radar_full_replay_acceptance_20260623,0.006,0.006422,delete_or_archive_after_user_approval,Untracked generated data; likely rebuildable but requires approval before cleanup.,True
outputs/final_decision_layer_review_after_pool1_pool2_absorption_20260626,0.006,0.00618,delete_or_archive_after_user_approval,Untracked generated data; likely rebuildable but requires approval before cleanup.,True
outputs/pool3_role_diagnostic_20260620_smoke,0.006,0.005899,delete_or_archive_after_user_approval,Temporary/debug/smoke/preliminary output; keep until user approves cleanup.,True
outputs/consensus_health_diagnostic_smoke_20260623,0.005,0.00543,delete_or_archive_after_user_approval,Temporary/debug/smoke/preliminary output; keep until user approves cleanup.,True
outputs/no_target_risk_off_formal_activation_20260702,0.005,0.005343,delete_or_archive_after_user_approval,Untracked generated data; likely rebuildable but requires approval before cleanup.,True
outputs/walk_forward_validation_v1,0.005,0.005194,delete_or_archive_after_user_approval,Untracked generated data; likely rebuildable but requires approval before cleanup.,True
outputs/execution_reversal_warning_label_20260626,0.005,0.004854,delete_or_archive_after_user_approval,Untracked generated data; likely rebuildable but requires approval before cleanup.,True
outputs/core_self_check_20260619,0.004,0.003874,delete_or_archive_after_user_approval,Untracked generated data; likely rebuildable but requires approval before cleanup.,True
outputs/long_range_checkpoint_sanity_pool2_persistence_20260702,0.004,0.003868,delete_or_archive_after_user_approval,Untracked generated data; likely rebuildable but requires approval before cleanup.,True
outputs/execution_cooldown3_report_label_20260626,0.004,0.003678,delete_or_archive_after_user_approval,Untracked generated data; likely rebuildable but requires approval before cleanup.,True
outputs/valuation_imports,0.004,0.003646,delete_or_archive_after_user_approval,Untracked generated data; likely rebuildable but requires approval before cleanup.,True
outputs/pool3_radar_batch07_core_judgment_20260624,0.003,0.003427,delete_or_archive_after_user_approval,Untracked generated data; likely rebuildable but requires approval before cleanup.,True
outputs/tmp_check,0.001,0.001379,delete_or_archive_after_user_approval,Temporary/debug/smoke/preliminary output; keep until user approves cleanup.,True
outputs/frozen_strategy_monitor_waiting_test,0.0,0.000131,delete_or_archive_after_user_approval,Untracked generated data; likely rebuildable but requires approval before cleanup.,True
.codex_tmp,0.0,0.0,delete_or_archive_after_user_approval,Temporary/debug/smoke/preliminary output; keep until user approves cleanup.,True
