decision_date,C0,C1,C2,C3,placebo_seed_101,placebo_seed_17,placebo_seed_29,placebo_seed_43,placebo_seed_71,simple_v0_reference
2023-07-17,2388,2388,2388,2388,9910,6470,8028,1514,3356,2388
2023-07-18,2388,2388,2388,2388,9910,6470,8028,1514,3356,2388
2023-07-19,2388,2388,2388,2388,9910,6470,8028,1514,3356,2388
2023-07-20,2388,2388,2388,2388,9910,6470,8028,1514,3356,2388
2023-07-21,2388,2388,2388,2388,9910,6470,8028,1514,3356,2388
2023-07-24,3515,3515,3515,3515,2886,4919,2345,3324,6515,3515
2023-07-25,3515,3515,3515,3515,2886,4919,2345,3324,6515,3515
2023-07-26,3515,3515,3515,3515,2886,4919,2345,3324,6515,3515
2023-07-27,3515,3515,3515,3515,2886,4919,2345,3324,6515,3515
2023-07-28,3515,3515,3515,3515,2886,4919,2345,3324,6515,3515
2023-07-31,6531,6531,6531,6531,8155,3374,3704,2419,1476,6531
2023-08-01,6531,6531,6531,6531,8155,3374,3704,2419,1476,6531
2023-08-02,6531,6531,6531,6531,8155,3374,3704,2419,1476,6531
2023-08-04,6531,6531,6531,6531,8155,3374,3704,2419,1476,6531
2023-08-07,8210,8210,8210,8210,3264,3289,3008,5439,2886,8210
2023-08-08,8210,8210,8210,8210,3264,3289,3008,5439,2886,8210
2023-08-09,8210,8210,8210,8210,3264,3289,3008,5439,2886,8210
2023-08-10,8210,8210,8210,2353,3264,3289,3008,5439,2886,8210
2023-08-11,8210,8210,8210,2353,3264,3289,3008,5439,2886,8210
2023-08-14,2353,2353,2353,2353,6197,3032,2353,3617,2458,2353
2023-08-15,2353,2353,2353,2353,6197,3032,2353,3617,2458,2353
2023-08-16,2353,2353,2353,2353,6197,3032,2353,3617,2458,2353
2023-08-17,2353,2353,2353,2353,6197,3032,2353,3617,2458,2353
2023-08-18,2353,2353,2353,2353,6197,3032,2353,3617,2458,2353
2023-08-21,3583,3583,3583,3583,1590,2492,6531,2359,2634,3583
2023-08-22,3583,3583,3583,3583,1590,2492,6531,2359,2634,3583
2023-08-23,3583,3583,3583,3583,1590,2492,6531,2359,2634,3583
2023-08-24,3583,3583,3583,3583,1590,2492,6531,2359,2634,3583
2023-08-25,3583,3583,3583,3583,1590,2492,6531,2359,2634,3583
2023-08-28,1519,1519,1519,1519,6223,6799,3037,5371,2882,1519
2023-08-29,1519,1519,1519,1519,6223,6799,3037,5371,2882,1519
2023-08-30,1519,1519,1519,1519,6223,6799,3037,5371,2882,1519
2023-08-31,1519,1519,1519,1519,6223,6799,3037,5371,2882,1519
2023-09-01,1519,1519,1519,1519,6223,6799,3037,5371,2882,1519
2023-09-04,9958,9958,9958,9958,2457,2885,3533,9958,2327,9958
2023-09-05,9958,9958,9958,9958,2457,2885,3533,9958,2327,9958
2023-09-06,6274,6274,6274,6274,3689,3324,6643,8358,3548,6274
2023-09-07,6274,6274,6274,6274,3689,3324,6643,8358,3548,6274
2023-09-08,6274,6274,6274,6274,3689,3324,6643,8358,3548,6274
2023-09-11,2436,2436,2436,2436,3017,2201,2105,2105,6414,2436
2023-09-12,2436,2436,2436,2436,3017,2201,2105,2105,6414,2436
2023-09-13,2436,2436,2436,2436,3017,2201,2105,2105,6414,2436
2023-09-14,2436,2436,2436,2436,3017,2201,2105,2105,6414,2436
2023-09-15,2436,2436,2436,2436,3017,2201,2105,2105,6414,2436
2023-09-18,2436,2436,2436,2436,3017,2201,2105,2105,6414,2436
2023-09-19,2436,2436,2436,2436,3017,2201,2105,2105,6414,2436
2023-09-20,2436,2436,2436,2436,3017,2201,2105,2105,6414,2436
2023-09-21,2436,2436,2436,2436,3017,2201,2105,2105,6414,2436
2023-09-22,2436,2436,2436,2436,3017,2201,2105,2105,6414,2436
2023-09-25,2436,2436,2436,2436,3017,2201,2105,2105,6414,2436
2023-09-26,2436,2436,2436,2436,3017,2201,2105,2105,6414,2436
2023-09-27,2436,2436,2436,2436,3017,2201,2105,2105,6414,2436
2023-09-28,2436,2436,2436,2436,3017,2201,2105,2105,6414,2436
2023-10-02,2436,2436,2436,2436,3017,2201,2105,2105,6414,2436
2023-10-03,2436,2436,2436,2436,3017,2201,2105,2105,6414,2436
2023-10-04,2436,2436,2436,1560,3017,2201,2105,2105,6414,1560
2023-10-05,2436,2436,2436,1560,3017,2201,2105,2105,6414,1560
2023-10-06,2436,2436,2436,1560,3017,2201,2105,2105,6414,1560
2023-10-11,3325,3325,3325,3325,6223,3008,1522,6531,1590,3325
2023-10-12,3325,3325,3325,3325,6223,3008,1522,6531,1590,3325
2023-10-13,3325,3325,3325,3325,6223,3008,1522,6531,1590,3325
2023-10-16,3483,3483,3483,3483,2885,3617,2354,4908,9958,3483
2023-10-17,3483,3483,3483,3483,2885,3617,2354,4908,9958,3483
2023-10-18,3483,3483,3483,3483,2885,3617,2354,4908,9958,3483
2023-10-19,3483,3483,3483,3483,2885,3617,2354,4908,9958,3483
2023-10-20,3483,3483,3483,3483,2885,3617,2354,4908,9958,3483
2023-10-23,3548,3548,3548,3548,3406,4763,4961,8048,2886,3548
2023-10-24,3548,3548,3548,3548,3406,4763,4961,8048,2886,3548
2023-10-25,3548,3548,3548,3548,3406,4763,4961,8048,2886,3548
2023-10-26,3548,3548,3548,3548,3406,4763,4961,8048,2886,3548
2023-10-27,3548,3548,3548,3548,3406,4763,4961,8048,2886,3548
2023-10-30,4162,4162,4162,4162,4966,3014,2891,3661,6139,4162
2023-10-31,4162,4162,4162,4162,4966,3014,2891,3661,6139,4162
2023-11-01,4162,4162,4162,4162,4966,3014,2891,3661,6139,4162
2023-11-02,4162,4162,4162,4162,4966,3014,2891,3661,6139,4162
2023-11-03,4162,4162,4162,4162,4966,3014,2891,3661,6139,4162
2023-11-06,3548,3548,3548,3548,2363,5904,3545,8936,1590,3548
2023-11-07,3548,3548,3548,3548,2363,5904,3545,8936,1590,3548
2023-11-08,3548,3548,3548,3548,2363,5904,3545,8936,1590,3548
2023-11-09,3548,3548,3548,3548,2363,5904,3545,8936,1590,3548
2023-11-10,3548,3548,3548,3548,2363,5904,3545,8936,1590,3548
2023-11-13,2454,2454,2454,2454,2890,3044,1795,6691,6531,2454
2023-11-14,2454,2454,2454,2454,2890,3044,1795,6691,6531,2454
2023-11-15,2454,2454,2454,2454,2890,3044,1795,6691,6531,2454
2023-11-16,2454,2454,2454,2454,2890,3044,1795,6691,6531,2454
2023-11-17,2454,2454,2454,2454,2890,3044,1795,6691,6531,2454
2023-11-20,3545,3545,3545,3545,2618,4129,5706,4908,3545,3545
2023-11-21,3545,3545,3545,3545,2618,4129,5706,4908,3545,3545
2023-11-22,3545,3545,3545,3545,2618,4129,5706,4908,3545,3545
2023-11-23,3545,3545,3545,3545,2618,4129,5706,4908,3545,3545
2023-11-24,3545,3545,3545,3545,2618,4129,5706,4908,3545,3545
2023-11-27,2454,2454,2454,2454,2492,2454,3362,3702,5876,2454
2023-11-28,3362,3362,3362,3362,3152,6643,6732,3260,3227,3362
2023-11-29,3362,3362,3362,3362,3152,6643,6732,3260,3227,3362
2023-11-30,3362,3362,3362,3362,3152,6643,6732,3260,3227,3362
2023-12-01,3362,3362,3362,3362,3152,6643,6732,3260,3227,3362
2023-12-04,3362,3362,3362,3362,3152,6643,6732,3260,3227,3362
2023-12-05,3362,3362,3362,3362,3152,6643,6732,3260,3227,3362
2023-12-06,3362,3362,3362,3362,3152,6643,6732,3260,3227,3362
2023-12-07,3362,3362,3362,3362,3152,6643,6732,3260,3227,3362
2023-12-08,3362,3362,3362,3362,3152,6643,6732,3260,3227,3362
2023-12-11,2329,2329,2329,2329,6117,1529,8996,1529,3548,2329
2023-12-12,2329,2329,2329,2329,6117,1529,8996,1529,3548,2329
2023-12-13,2329,2329,2329,2329,6117,1529,8996,1529,3548,2329
2023-12-14,2329,2329,2329,2329,6117,1529,8996,1529,3548,2329
2023-12-15,2329,2329,2329,2329,6117,1529,8996,1529,3548,2329
2023-12-18,2329,2329,2329,2329,6117,1529,8996,1529,3548,2329
2023-12-19,2329,2329,2329,2329,6117,1529,8996,1529,3548,2329
2023-12-20,2329,2329,2329,2329,6117,1529,8996,1529,3548,2329
2023-12-21,2329,2329,2329,2329,6117,1529,8996,1529,3548,2329
2023-12-22,2329,2329,2329,2329,6117,1529,8996,1529,3548,2329
2023-12-25,2329,2329,2329,2329,6117,1529,8996,1529,3548,2329
2023-12-26,2329,2329,2329,2329,6117,1529,8996,1529,3548,2329
2023-12-27,2329,2329,2329,2329,6117,1529,8996,1529,3548,2329
2023-12-28,2329,2329,2329,2329,6117,1529,8996,1529,3548,2329
2023-12-29,2329,2329,2329,2329,6117,1529,8996,1529,3548,2329
2024-01-02,2329,2329,2329,2329,6117,1529,8996,1529,3548,2329
2024-01-03,2329,2329,2329,2329,6117,1529,8996,1529,3548,2329
2024-01-04,3008,3008,3008,3008,6811,2371,4938,2204,2404,3008
2024-01-05,3008,3008,3008,3008,6811,2371,4938,2204,2404,3008
2024-01-08,3008,3008,3008,3008,6811,2371,4938,2204,2404,3008
2024-01-09,3008,3008,3008,3008,6811,2371,4938,2204,2404,3008
2024-01-10,3008,3008,3008,3008,6811,2371,4938,2204,2404,3008
2024-01-11,2362,2362,2362,3008,3338,2467,2467,2347,1605,2362
2024-01-12,2362,2362,2362,3008,3338,2467,2467,2347,1605,2362
2024-01-15,8227,8227,8227,3008,2634,2486,6223,4904,3583,8227
2024-01-16,8227,8227,8227,3008,2634,2486,6223,4904,3583,8227
2024-01-17,8227,8227,8227,3008,2634,2486,6223,4904,3583,8227
2024-01-18,8227,8227,8227,3008,2634,2486,6223,4904,3583,8227
2024-01-19,8227,8227,8227,3008,2634,2486,6223,4904,3583,8227
2024-01-22,3036,3036,3036,3036,6138,6679,2637,2458,1560,3036
2024-01-23,3036,3036,3036,3036,6138,6679,2637,2458,1560,3036
2024-01-24,3036,3036,3036,3036,6138,6679,2637,2458,1560,3036
2024-01-25,3036,3036,3036,3036,6138,6679,2637,2458,1560,3036
2024-01-26,3036,3036,3036,3036,6138,6679,2637,2458,1560,3036
2024-01-29,3036,3036,3036,3036,6138,6679,2637,2458,1560,3036
2024-01-30,3036,3036,3036,3036,6138,6679,2637,2458,1560,3036
2024-01-31,3036,3036,3036,3036,6138,6679,2637,2458,1560,3036
2024-02-01,3036,3036,3036,3036,6138,6679,2637,2458,1560,3036
2024-02-02,3036,3036,3036,3036,6138,6679,2637,2458,1560,3036
2024-02-05,3036,3036,3036,3036,6138,6679,2637,2458,1560,3036
2024-02-15,3036,3036,3036,3036,6138,6679,2637,2458,1560,3036
2024-02-16,3036,3036,3036,3036,6138,6679,2637,2458,1560,3036
2024-02-19,3324,3324,3324,3324,3529,8210,3008,2356,4746,3324
2024-02-20,3324,3324,3324,3324,3529,8210,3008,2356,4746,3324
2024-02-21,3324,3324,3324,3324,3529,8210,3008,2356,4746,3324
2024-02-22,3324,3324,3324,3324,3529,8210,3008,2356,4746,3324
2024-02-23,3324,3324,3324,3324,3529,8210,3008,2356,4746,3324
2024-02-26,3324,3324,3324,3324,3529,8210,3008,2356,4746,3324
2024-02-27,3324,3324,3324,3324,3529,8210,3008,2356,4746,3324
2024-02-29,3324,3324,3324,3324,3529,8210,3008,2356,4746,3324
2024-03-01,3324,3324,3324,3324,3529,8210,3008,2356,4746,3324
2024-03-04,3324,3324,3324,3324,3529,8210,3008,2356,4746,3324
2024-03-05,3324,3324,3324,3324,3529,8210,3008,2356,4746,3324
2024-03-06,3324,3324,3324,3324,3529,8210,3008,2356,4746,3324
2024-03-07,3324,3324,3324,3324,3529,8210,3008,2356,4746,3324
2024-03-08,3324,3324,3324,3324,3529,8210,3008,2356,4746,3324
2024-03-11,2379,2379,2379,2379,2882,2454,3680,2377,6799,2379
2024-03-12,2379,2379,2379,2379,2882,2454,3680,2377,6799,2379
2024-03-13,2379,2379,2379,2379,2882,2454,3680,2377,6799,2379
2024-03-14,2379,2379,2379,2379,2882,2454,3680,2377,6799,2379
2024-03-15,2379,2379,2379,2379,2882,2454,3680,2377,6799,2379
2024-03-18,2379,2379,2379,2379,2882,2454,3680,2377,6799,2379
2024-03-19,2379,2379,2379,2379,2882,2454,3680,2377,6799,2379
2024-03-20,2379,2379,2379,2379,2882,2454,3680,2377,6799,2379
2024-03-21,2379,2379,2379,2379,2882,2454,3680,2377,6799,2379
2024-03-22,2379,2379,2379,2379,2882,2454,3680,2377,6799,2379
2024-03-25,2379,2379,2379,2379,2882,2454,3680,2377,6799,2379
2024-03-26,2379,2379,2379,2379,2882,2454,3680,2377,6799,2379
2024-03-27,2379,2379,2379,2379,2882,2454,3680,2377,6799,2379
2024-03-28,2379,2379,2379,2379,2882,2454,3680,2377,6799,2379
2024-03-29,2379,2379,2379,2379,2882,2454,3680,2377,6799,2379
2024-04-01,2379,2379,2379,2379,2882,2454,3680,2377,6799,2379
2024-04-02,2379,2379,2379,2382,2882,2454,3680,2377,6799,2379
2024-04-03,2379,2379,2379,2382,2882,2454,3680,2377,6799,2379
2024-04-08,2379,2379,2379,2382,2882,2454,3680,2377,6799,2379
2024-04-09,2379,2379,2379,2382,2882,2454,3680,2377,6799,2379
2024-04-10,2379,2379,2379,2382,2882,2454,3680,2377,6799,2379
2024-04-11,2379,2379,2379,2382,2882,2454,3680,2377,6799,2379
2024-04-12,2379,2379,2379,2382,2882,2454,3680,2377,6799,2379
2024-04-15,2379,2379,2379,2382,2882,2454,3680,2377,6799,2379
2024-04-16,2379,2379,2379,2382,2882,2454,3680,2377,6799,2379
2024-04-17,2379,2379,2379,2382,2882,2454,3680,2377,6799,2379
2024-04-18,2379,2379,2379,2382,2882,2454,3680,2377,6799,2379
2024-04-19,2379,2379,2379,1609,2882,2454,3680,2377,6799,2379
2024-04-22,2379,2515,2515,2515,3587,2912,3617,6239,2467,2379
2024-04-23,2379,2515,2515,2515,3587,2912,3617,6239,2467,2379
2024-04-24,2379,2515,2515,2515,3587,2912,3617,6239,2467,2379
2024-04-25,2379,2515,2515,2515,3587,2912,3617,6239,2467,2379
2024-04-26,2379,2515,2515,2515,3587,2912,3617,6239,2467,2379
2024-04-29,2618,2515,2515,2515,3587,2912,3617,6239,2467,2618
2024-04-30,2618,2515,2515,2515,3587,2912,3617,6239,2467,2618
2024-05-02,2618,2515,2515,2515,3587,2912,3617,6239,2467,2618
2024-05-03,2618,2515,2515,2515,3587,2912,3617,6239,2467,2618
2024-05-06,2618,2618,2618,2618,3533,6278,6515,5880,2327,2618
2024-05-07,2618,2618,2618,2618,3533,6278,6515,5880,2327,2618
2024-05-08,2618,2618,2618,2618,3533,6278,6515,5880,2327,2618
2024-05-09,2618,2618,2618,2618,3533,6278,6515,5880,2327,2618
2024-05-10,2618,2618,2618,2618,3533,6278,6515,5880,2327,2618
2024-05-13,2618,2618,2618,2618,3533,6278,6515,5880,2327,2618
2024-05-14,2618,2618,2618,2618,3533,6278,6515,5880,2327,2618
2024-05-15,2618,2618,2618,2618,3533,6278,6515,5880,2327,2618
2024-05-16,2618,2618,2618,2618,3533,6278,6515,5880,2327,2618
2024-05-17,2618,2618,2618,2618,3533,6278,6515,5880,2327,2618
2024-05-20,2618,2618,2618,2618,3533,6278,6515,5880,2327,2618
2024-05-21,2618,2618,2618,2618,3533,6278,6515,5880,2327,2618
2024-05-22,2618,2618,2618,2618,3533,6278,6515,5880,2327,2618
2024-05-23,2618,2618,2618,2618,3533,6278,6515,5880,2327,2618
2024-05-24,2618,2618,2618,2618,3533,6278,6515,5880,2327,2618
2024-05-27,2618,2618,2618,2618,3533,6278,6515,5880,2327,2618
2024-05-28,2618,2618,2618,2618,3533,6278,6515,5880,2327,2618
2024-05-29,2618,2618,2618,2618,3533,6278,6515,5880,2327,2618
2024-05-30,2618,2618,2618,2618,3533,6278,6515,5880,2327,2618
2024-05-31,2618,2618,2618,2618,3533,6278,6515,5880,2327,2618
2024-06-03,2618,2618,2618,2618,3533,6278,6515,5880,2327,2618
2024-06-04,2618,2618,2618,2618,3533,6278,6515,5880,2327,2618
2024-06-05,2618,2618,2618,2618,3533,6278,6515,5880,2327,2618
2024-06-06,2618,2618,2618,2618,3533,6278,6515,5880,2327,2618
2024-06-07,2618,2618,2618,2618,3533,6278,6515,5880,2327,2618
2024-06-11,2618,2618,2618,2618,3533,6278,6515,5880,2327,2618
2024-06-12,3374,3374,3374,3374,3374,3293,4979,3362,3693,3374
2024-06-13,3374,3374,3374,3374,3374,3293,4979,3362,3693,3374
2024-06-14,3374,3374,3374,3374,3374,3293,4979,3362,3693,3374
2024-06-17,3374,3374,3374,3374,3374,3293,4979,3362,3693,3374
2024-06-18,3374,3374,3374,3374,3374,3293,4979,3362,3693,3374
2024-06-19,3374,3374,3374,3374,3374,3293,4979,3362,3693,3374
2024-06-20,3374,3374,3374,3374,3374,3293,4979,3362,3693,3374
2024-06-21,3374,3374,3374,3374,3374,3293,4979,3362,3693,3374
2024-06-24,1785,1785,1785,1785,2330,2330,2476,3533,4938,1785
2024-06-25,1785,1785,1785,1785,2330,2330,2476,3533,4938,1785
2024-06-26,1785,1785,1785,1785,2330,2330,2476,3533,4938,1785
2024-06-27,1785,1785,1785,1785,2330,2330,2476,3533,4938,1785
2024-06-28,1785,1785,1785,1785,2330,2330,2476,3533,4938,1785
2024-07-01,1785,1785,1785,1785,2330,2330,2476,3533,4938,1785
2024-07-02,1785,1785,1785,1785,2330,2330,2476,3533,4938,1785
2024-07-03,1785,1785,1785,1785,2330,2330,2476,3533,4938,1785
2024-07-04,1785,1785,1785,1785,2330,2330,2476,3533,4938,1785
2024-07-05,1785,1785,1785,1785,2330,2330,2476,3533,4938,1785
2024-07-08,1785,1785,1785,1785,2330,2330,2476,3533,4938,1785
2024-07-09,1785,1785,1785,1785,2330,2330,2476,3533,4938,1785
2024-07-10,1785,1785,1785,1785,2330,2330,2476,3533,4938,1785
2024-07-11,1785,1785,1785,1785,2330,2330,2476,3533,4938,1785
2024-07-12,1785,1785,1785,1785,2330,2330,2476,3533,4938,1785
2024-07-15,2308,2308,2308,2308,4533,3019,6472,5871,4763,2308
2024-07-16,2308,2308,2308,2308,4533,3019,6472,5871,4763,2308
2024-07-17,2308,2308,2308,2308,4533,3019,6472,5871,4763,2308
2024-07-18,2308,2308,2308,2308,4533,3019,6472,5871,4763,2308
2024-07-19,2308,2308,2308,2308,4533,3019,6472,5871,4763,2308
2024-07-22,2308,2308,2308,2308,4533,3019,6472,5871,4763,2308
2024-07-23,2308,2308,2308,2308,4533,3019,6472,5871,4763,2308
2024-07-26,2308,2308,2308,2308,4533,3019,6472,5871,4763,2308
2024-07-29,2308,2308,2308,2308,4533,3019,6472,5871,4763,2308
2024-07-30,2308,2308,2308,2308,4533,3019,6472,5871,4763,2308
2024-07-31,2308,2308,2308,2308,4533,3019,6472,5871,4763,2308
2024-08-01,2308,2308,2308,2308,4533,3019,6472,5871,4763,2308
2024-08-02,2308,2881,2881,2881,5443,3706,4566,2912,1785,2881
2024-08-05,3374,2881,2881,2881,5443,3706,4566,2912,1785,2881
2024-08-06,2881,2881,2881,2881,5443,3706,4566,2912,1785,2881
2024-08-07,2881,2881,2881,2881,5443,3706,4566,2912,1785,2881
2024-08-08,2881,2881,2881,2881,5443,3706,4566,2912,1785,2881
2024-08-09,2881,2881,2881,2881,5443,3706,4566,2912,1785,2881
2024-08-12,2615,2615,2615,2615,3008,2317,3008,9945,1402,2615
2024-08-13,2615,2615,2615,2615,3008,2317,3008,9945,1402,2615
2024-08-14,3013,3013,3013,3013,2542,6472,2891,2412,2801,3013
2024-08-15,3013,3013,3013,3013,2542,6472,2891,2412,2801,3013
2024-08-16,3013,3013,3013,3013,2542,6472,2891,2412,2801,3013
2024-08-19,3013,3013,3013,3013,2542,6472,2891,2412,2801,3013
2024-08-20,3013,3013,3013,3013,2542,6472,2891,2412,2801,3013
2024-08-21,3013,3013,3013,3013,2542,6472,2891,2412,2801,3013
2024-08-22,5443,5443,5443,5443,3374,5443,5508,5274,6223,5443
2024-08-23,5443,5443,5443,5443,3374,5443,5508,5274,6223,5443
2024-08-26,5443,5443,5443,5443,3374,5443,5508,5274,6223,5443
2024-08-27,5443,5443,5443,5443,3374,5443,5508,5274,6223,5443
2024-08-28,5443,5443,5443,5443,3374,5443,5508,5274,6223,5443
2024-08-29,5443,5443,5443,5443,3374,5443,5508,5274,6223,5443
2024-08-30,5443,5443,5443,5443,3374,5443,5508,5274,6223,5443
2024-09-02,3008,3008,3008,3008,3293,8299,2603,1711,2357,3008
2024-09-03,3008,3008,3008,3008,3293,8299,2603,1711,2357,3008
2024-09-04,3008,3008,3008,3008,3293,8299,2603,1711,2357,3008
2024-09-05,3008,3008,3008,3008,3293,8299,2603,1711,2357,3008
2024-09-06,3008,3008,3008,3008,3293,8299,2603,1711,2357,3008
2024-09-09,4763,4763,4763,4763,2912,2383,4583,2303,2402,4763
2024-09-10,4763,4763,4763,4763,2912,2383,4583,2303,2402,4763
2024-09-11,4763,4763,4763,4763,2912,2383,4583,2303,2402,4763
2024-09-12,4763,4763,4763,4763,2912,2383,4583,2303,2402,4763
2024-09-13,4763,4763,4763,4763,2912,2383,4583,2303,2402,4763
2024-09-16,4763,4763,4763,4763,2912,2383,4583,2303,2402,4763
2024-09-18,4763,4763,4763,4763,2912,2383,4583,2303,2402,4763
2024-09-19,4763,4763,4763,4763,2912,2383,4583,2303,2402,4763
2024-09-20,4763,4763,4763,4763,2912,2383,4583,2303,2402,4763
2024-09-23,4763,4763,4763,4763,2912,2383,4583,2303,2402,4763
2024-09-24,4763,4763,4763,4763,2912,2383,4583,2303,2402,4763
2024-09-25,4763,4763,4763,4763,2912,2383,4583,2303,2402,4763
2024-09-26,4763,4763,4763,4763,2912,2383,4583,2303,2402,4763
2024-09-27,4763,4763,4763,4763,2912,2383,4583,2303,2402,4763
2024-09-30,4763,4763,4763,4763,2912,2383,4583,2303,2402,4763
2024-10-01,4763,4763,4763,4763,2912,2383,4583,2303,2402,4763
2024-10-04,4763,4763,4763,4763,2912,2383,4583,2303,2402,4763
2024-10-07,4763,4763,4763,4763,2912,2383,4583,2303,2402,4763
2024-10-08,4763,4763,4763,4763,2912,2383,4583,2303,2402,4763
2024-10-09,4763,4763,4763,4763,2912,2383,4583,2303,2402,4763
2024-10-11,4763,4763,4763,4763,2912,2383,4583,2303,2402,4763
2024-10-14,3583,3583,3583,3583,4571,4904,6274,8069,2884,3583
2024-10-15,3583,3583,3583,3583,4571,4904,6274,8069,2884,3583
2024-10-16,3583,3583,3583,3583,4571,4904,6274,8069,2884,3583
2024-10-17,3583,3583,3583,3583,4571,4904,6274,8069,2884,3583
2024-10-18,3583,3583,3583,3583,4571,4904,6274,8069,2884,3583
2024-10-21,3013,3013,3013,3013,3653,6207,6257,2105,6223,3013
2024-10-22,3013,3013,3013,3013,3653,6207,6257,2105,6223,3013
2024-10-23,3013,3013,3013,3013,3653,6207,6257,2105,6223,3013
2024-10-24,3013,3013,3013,3013,3653,6207,6257,2105,6223,3013
2024-10-25,3013,3013,3013,3013,3653,6207,6257,2105,6223,3013
2024-10-28,3013,3013,3013,3013,3653,6207,6257,2105,6223,3013
2024-10-29,3013,3013,3013,3013,3653,6207,6257,2105,6223,3013
2024-10-30,3013,3013,3013,3013,3653,6207,6257,2105,6223,3013
2024-11-01,3013,3013,3013,3013,3653,6207,6257,2105,6223,3013
2024-11-04,3231,3231,3231,3231,2891,3653,2393,2474,3702,3231
2024-11-05,3231,3231,3231,3231,2891,3653,2393,2474,3702,3231
2024-11-06,3231,3231,3231,3231,2891,3653,2393,2474,3702,3231
2024-11-07,3231,3231,3231,3231,2891,3653,2393,2474,3702,3231
2024-11-08,3231,3231,3231,3231,2891,3653,2393,2474,3702,3231
2024-11-11,3231,3231,3231,3231,2891,3653,2393,2474,3702,3231
2024-11-12,3231,3231,3231,3231,2891,3653,2393,2474,3702,3231
2024-11-13,3231,3231,3231,3231,2891,3653,2393,2474,3702,3231
2024-11-14,3231,3231,3231,3231,2891,3653,2393,2474,3702,3231
2024-11-15,3231,3231,3231,3231,2891,3653,2393,2474,3702,3231
2024-11-18,3231,3231,3231,3231,2891,3653,2393,2474,3702,3231
2024-11-19,3231,3231,3231,3231,2891,3653,2393,2474,3702,3231
2024-11-20,3231,3231,3231,3231,2891,3653,2393,2474,3702,3231
2024-11-21,3231,3231,3231,3231,2891,3653,2393,2474,3702,3231
2024-11-22,3231,3231,3231,3231,2891,3653,2393,2474,3702,3231
2024-11-25,3231,3231,3231,3231,2891,3653,2393,2474,3702,3231
2024-11-26,3231,3231,3231,3231,2891,3653,2393,2474,3702,3231
2024-11-27,3231,3231,3231,3231,2891,3653,2393,2474,3702,3231
2024-11-28,3231,3231,3231,3231,2891,3653,2393,2474,3702,3231
2024-11-29,3231,3231,3231,3231,2891,3653,2393,2474,3702,3231
2024-12-02,3231,3231,3231,3231,2891,3653,2393,2474,3702,3231
2024-12-03,3231,3231,3231,3231,2891,3653,2393,2474,3702,3231
2024-12-04,3231,3231,3231,3231,2891,3653,2393,2474,3702,3231
2024-12-05,3231,3231,3231,3231,2891,3653,2393,2474,3702,3231
2024-12-06,3231,3231,3231,3231,2891,3653,2393,2474,3702,3231
2024-12-09,3231,3231,3231,3231,2891,3653,2393,2474,3702,3231
2024-12-10,3231,3231,3231,3231,2891,3653,2393,2474,3702,3231
2024-12-11,3231,3231,3231,3231,2891,3653,2393,2474,3702,3231
2024-12-12,3231,3231,3231,3231,2891,3653,2393,2474,3702,3231
2024-12-13,3231,3231,3231,3231,2891,3653,2393,2474,3702,3231
2024-12-16,2891,2891,2891,2891,3706,1522,3023,2312,3008,2891
2024-12-17,2891,2891,2891,2891,3706,1522,3023,2312,3008,2891
2024-12-18,2891,2891,2891,2891,3706,1522,3023,2312,3008,2891
2024-12-19,2891,2891,2891,2891,3706,1522,3023,2312,3008,2891
2024-12-20,2891,2891,2891,2891,3706,1522,3023,2312,3008,2891
2024-12-23,2891,2891,2891,2891,3706,1522,3023,2312,3008,2891
2024-12-24,2891,2891,2891,2891,3706,1522,3023,2312,3008,2891
2024-12-25,2891,2891,2891,2891,3706,1522,3023,2312,3008,2891
2024-12-26,2891,2891,2891,2891,3706,1522,3023,2312,3008,2891
2024-12-27,2891,2891,2891,2891,3706,1522,3023,2312,3008,2891
2024-12-30,2891,2891,2891,2891,3706,1522,3023,2312,3008,2891
2024-12-31,2891,2891,2891,2891,3706,1522,3023,2312,3008,2891
2025-01-02,2891,2891,2891,2891,3706,1522,3023,2312,3008,2891
2025-01-03,2891,2891,2891,2891,3706,1522,3023,2312,3008,2891
2025-01-06,2891,2891,2891,2891,3706,1522,3023,2312,3008,2891
2025-01-07,2891,2891,2891,2891,3706,1522,3023,2312,3008,2891
2025-01-08,2891,2891,2891,2891,3706,1522,3023,2312,3008,2891
2025-01-09,2891,2891,2891,2891,3706,1522,3023,2312,3008,2891
2025-01-10,2891,2891,2891,2454,3706,1522,3023,2312,3008,2891
2025-01-13,2891,2891,2891,2454,3706,1522,3023,2312,3008,2891
2025-01-14,2891,2891,2891,2454,3706,1522,3023,2312,3008,2891
2025-01-15,2891,2891,2891,2454,3706,1522,3023,2312,3008,2891
2025-01-16,2891,2891,2891,2454,3706,1522,3023,2312,3008,2891
2025-01-17,2891,2891,2891,2454,3706,1522,3023,2312,3008,2891
2025-01-20,2891,2891,2891,6558,3706,1522,3023,2312,3008,2891
2025-01-21,2891,2891,2891,6558,3706,1522,3023,2312,3008,2891
2025-01-22,2891,2891,2891,6558,3706,1522,3023,2312,3008,2891
2025-02-03,2891,2891,2891,3008,3706,1522,3023,2312,3008,2891
2025-02-04,2891,2891,2891,3008,3706,1522,3023,2312,3008,2891
2025-02-05,2891,2891,2891,3008,3706,1522,3023,2312,3008,2891
2025-02-06,2891,2891,2891,3008,3706,1522,3023,2312,3008,2891
2025-02-07,2891,2891,2891,3008,3706,1522,3023,2312,3008,2891
2025-02-10,2891,2891,2891,3008,3706,1522,3023,2312,3008,2891
2025-02-11,2891,2891,2891,3008,3706,1522,3023,2312,3008,2891
2025-02-12,2891,2891,2891,3008,3706,1522,3023,2312,3008,2891
2025-02-13,2891,2891,2891,3008,3706,1522,3023,2312,3008,2891
2025-02-14,2891,2891,2891,3008,3706,1522,3023,2312,3008,2891
2025-02-17,2891,2891,2891,3008,3706,1522,3023,2312,3008,2891
2025-02-18,2891,2891,2891,3008,3706,1522,3023,2312,3008,2891
2025-02-19,2891,2891,2891,3008,3706,1522,3023,2312,3008,2891
2025-02-20,2891,2891,2891,3008,3706,1522,3023,2312,3008,2891
2025-02-21,2891,2891,2891,3008,3706,1522,3023,2312,3008,2891
2025-02-24,2891,2891,2891,3008,3706,1522,3023,2312,3008,2891
2025-02-25,2891,2891,2891,3008,3706,1522,3023,2312,3008,2891
2025-02-26,2891,2891,2891,3008,3706,1522,3023,2312,3008,2891
2025-02-27,2891,2891,2891,3008,3706,1522,3023,2312,3008,2891
2025-03-03,2891,2891,2891,2027,3706,1522,3023,2312,3008,2891
2025-03-04,2891,2891,2891,2027,3706,1522,3023,2312,3008,2891
2025-03-05,2891,2891,2891,2027,3706,1522,3023,2312,3008,2891
2025-03-06,2891,2891,2891,2027,3706,1522,3023,2312,3008,2891
2025-03-07,2891,2891,2891,2027,3706,1522,3023,2312,3008,2891
2025-03-10,2891,2891,2891,8096,3706,1522,3023,2312,3008,2891
2025-03-11,2891,2891,2891,8096,3706,1522,3023,2312,3008,2891
2025-03-12,2891,2891,2891,2609,3706,1522,3023,2312,3008,2891
2025-03-13,2891,2891,2891,2609,3706,1522,3023,2312,3008,2891
2025-03-14,2891,2891,2891,2609,3706,1522,3023,2312,3008,6206
2025-03-17,2891,2891,2891,2609,3706,1522,3023,2312,3008,6206
2025-03-18,2891,2891,2891,2609,3706,1522,3023,2312,3008,2059
2025-03-19,2891,2891,2891,2609,3706,1522,3023,2312,3008,2059
2025-03-20,2891,2891,2891,2609,3706,1522,3023,2312,3008,2059
2025-03-21,2891,2891,2891,2609,3706,1522,3023,2312,3008,2059
2025-03-24,2891,2891,2891,2609,3706,1522,3023,2312,3008,2059
2025-03-25,2891,2891,2891,2609,3706,1522,3023,2312,3008,6285
2025-03-26,2891,2891,2891,2609,3706,1522,3023,2312,3008,6285
2025-03-27,2891,2891,2891,2609,3706,1522,3023,2312,3008,6285
2025-03-28,2891,2891,2891,3034,3706,1522,3023,2312,3008,6285
2025-03-31,2891,2891,2891,3034,3706,1522,3023,2312,3008,6285
2025-04-01,2891,2891,2891,3034,3706,1522,3023,2312,3008,6285
2025-04-02,2891,2891,2891,3034,3706,1522,3023,2312,3008,6285
2025-04-07,2891,2891,2891,3034,3706,1522,3023,2312,3008,6148
2025-04-08,2891,2303,2303,2303,2308,5534,3044,2615,1524,6148
2025-04-09,2303,2303,2303,2303,2308,5534,3044,2615,1524,6148
2025-04-10,2303,2303,2303,2303,2308,5534,3044,2615,1524,6148
2025-04-11,2303,2303,2303,2303,2308,5534,3044,2615,1524,6148
2025-04-14,2303,2303,2303,2303,2308,5534,3044,2615,1524,2412
2025-04-15,2303,2303,2303,2303,2308,5534,3044,2615,1524,2412
2025-04-16,2303,2303,2303,2303,2308,5534,3044,2615,1524,2412
2025-04-17,2303,2303,2303,2303,2308,5534,3044,2615,1524,2412
2025-04-18,2303,2303,2303,2303,2308,5534,3044,2615,1524,2303
2025-04-21,2412,2412,2412,2412,4766,3563,9904,3034,2883,2412
2025-04-22,2412,2412,2412,2412,4766,3563,9904,3034,2883,2412
2025-04-23,2412,2412,2412,2412,4766,3563,9904,3034,2883,2412
2025-04-24,2615,2615,2615,2615,4931,8033,6121,3008,3293,2615
2025-04-25,6140,6140,6140,6140,1785,1815,5530,3078,3529,6140
2025-04-28,6140,6140,6140,6140,1785,1815,5530,3078,3529,6140
2025-04-29,6140,6140,6140,6140,1785,1815,5530,3078,3529,6140
2025-04-30,6140,6140,6140,6140,1785,1815,5530,3078,3529,6140
2025-05-02,6140,6140,6140,6140,1785,1815,5530,3078,3529,6140
2025-05-05,6669,6669,6669,6669,5880,3563,2328,6510,3709,6669
2025-05-06,6669,6669,6669,6669,5880,3563,2328,6510,3709,6669
2025-05-07,6669,6669,6669,6669,5880,3563,2328,6510,3709,6669
2025-05-08,6669,6669,6669,6669,5880,3563,2328,6510,3709,6669
2025-05-09,6669,6669,6669,6669,5880,3563,2328,6510,3709,6669
2025-05-12,6669,6669,6669,6669,5880,3563,2328,6510,3709,6669
2025-05-13,6669,6669,6669,6669,5880,3563,2328,6510,3709,6669
2025-05-14,6669,6669,6669,6669,5880,3563,2328,6510,3709,6669
2025-05-15,6669,6669,6669,6669,5880,3563,2328,6510,3709,6669
2025-05-16,6669,6669,6669,6669,5880,3563,2328,6510,3709,6669
2025-05-19,2615,2615,2615,2615,2610,2301,3434,2353,1590,2615
2025-05-20,2615,2615,2615,2615,2610,2301,3434,2353,1590,2615
2025-05-21,2615,2615,2615,2615,2610,2301,3434,2353,1590,2615
2025-05-22,2615,2615,2615,2615,2610,2301,3434,2353,1590,2615
2025-05-23,2615,2615,2615,2615,2610,2301,3434,2353,1590,2615
2025-05-26,2368,2368,2368,2368,6531,6147,2345,8222,1618,2368
2025-05-27,2368,2368,2368,2368,6531,6147,2345,8222,1618,2368
2025-05-28,2368,2368,2368,2368,6531,6147,2345,8222,1618,2368
2025-05-29,2368,2368,2368,2368,6531,6147,2345,8222,1618,2368
2025-06-02,1815,1815,1815,1815,2301,3264,2834,1590,2301,1815
2025-06-03,1815,1815,1815,1815,2301,3264,2834,1590,2301,1815
2025-06-04,1815,1815,1815,1815,2301,3264,2834,1590,2301,1815
2025-06-05,1815,1815,1815,1815,2301,3264,2834,1590,2301,1815
2025-06-06,1815,1815,1815,1815,2301,3264,2834,1590,2301,1815
2025-06-09,1815,1815,1815,1815,2301,3264,2834,1590,2301,1815
2025-06-10,1815,1815,1815,1815,2301,3264,2834,1590,2301,1815
2025-06-11,1815,1815,1815,1815,2301,3264,2834,1590,2301,1815
2025-06-12,1815,1815,1815,1815,2301,3264,2834,1590,2301,1815
2025-06-13,1815,1815,1815,1815,2301,3264,2834,1590,2301,1815
2025-06-16,2345,2345,2345,2345,3583,8111,2615,2357,3034,2345
2025-06-17,2345,2345,2345,2345,3583,8111,2615,2357,3034,2345
2025-06-18,2345,2345,2345,2345,3583,8111,2615,2357,3034,2345
2025-06-19,2345,2345,2345,2345,3583,8111,2615,2357,3034,2345
2025-06-20,2345,2345,2345,2345,3583,8111,2615,2357,3034,2345
2025-06-23,2345,2345,2345,2345,3583,8111,2615,2357,3034,2345
2025-06-24,2345,2345,2345,2345,3583,8111,2615,2357,3034,2345
2025-06-25,2345,2345,2345,2345,3583,8111,2615,2357,3034,2345
2025-06-26,2345,2345,2345,2345,3583,8111,2615,2357,3034,2345
2025-06-27,2345,2345,2345,2345,3583,8111,2615,2357,3034,2345
2025-06-30,2345,2345,2345,2345,3583,8111,2615,2357,3034,2345
2025-07-01,2345,2345,2345,2345,3583,8111,2615,2357,3034,2345
2025-07-02,2345,2345,2345,2345,3583,8111,2615,2357,3034,2345
2025-07-03,2345,2345,2345,2345,3583,8111,2615,2357,3034,2345
2025-07-04,2345,2345,2345,2345,3583,8111,2615,2357,3034,2345
2025-07-07,2345,2345,2345,2345,3583,8111,2615,2357,3034,2345
2025-07-08,2345,2345,2345,2345,3583,8111,2615,2357,3034,2345
2025-07-09,2345,2345,2345,2345,3583,8111,2615,2357,3034,2345
2025-07-10,2345,2345,2345,2345,3583,8111,2615,2357,3034,2345
2025-07-11,2345,2345,2345,2345,3583,8111,2615,2357,3034,2345
2025-07-14,4991,4991,4991,4991,1590,1216,3711,6187,2357,4991
2025-07-15,4991,4991,4991,4991,1590,1216,3711,6187,2357,4991
2025-07-16,4991,4991,4991,4991,1590,1216,3711,6187,2357,4991
2025-07-17,4991,4991,4991,4991,1590,1216,3711,6187,2357,4991
2025-07-18,4991,4991,4991,4991,1590,1216,3711,6187,2357,4991
2025-07-21,1815,1815,1815,1815,5314,5483,2354,4749,3665,1815
2025-07-22,1815,1815,1815,1815,5314,5483,2354,4749,3665,1815
2025-07-23,1815,1815,1815,1815,5314,5483,2354,4749,3665,1815
2025-07-24,1815,1815,1815,1815,5314,5483,2354,4749,3665,1815
2025-07-25,1815,1815,1815,1815,5314,5483,2354,4749,3665,1815
2025-07-28,8358,8358,8358,8358,4931,3260,6667,4303,2454,8358
2025-07-29,8358,8358,8358,8358,4931,3260,6667,4303,2454,8358
2025-07-30,8358,8358,8358,8358,4931,3260,6667,4303,2454,8358
2025-07-31,8358,8358,8358,8358,4931,3260,6667,4303,2454,8358
2025-08-01,,,,,,,,,,
2025-08-04,,,,,,,,,,
2025-08-05,,,,,,,,,,
2025-08-06,,,,,,,,,,
2025-08-07,,,,,,,,,,
2025-08-08,,,,,,,,,,
2025-08-11,,,,,,,,,,
2025-08-12,,,,,,,,,,
2025-08-13,,,,,,,,,,
2025-08-14,,,,,,,,,,
2025-08-15,,,,,,,,,,
2025-08-18,,,,,,,,,,
2025-08-19,,,,,,,,,,
2025-08-20,,,,,,,,,,
2025-08-21,,,,,,,,,,
2025-08-22,,,,,,,,,,
2025-08-25,,,,,,,,,,
2025-08-26,,,,,,,,,,
2025-08-27,,,,,,,,,,
2025-08-28,,,,,,,,,,
2025-08-29,,,,,,,,,,
2025-09-01,,,,,,,,,,
2025-09-02,,,,,,,,,,
2025-09-03,,,,,,,,,,
2025-09-04,,,,,,,,,,
2025-09-05,,,,,,,,,,
2025-09-08,,,,,,,,,,
2025-09-09,,,,,,,,,,
2025-09-10,,,,,,,,,,
2025-09-11,,,,,,,,,,
2025-09-12,,,,,,,,,,
2025-09-15,,,,,,,,,,
2025-09-16,,,,,,,,,,
2025-09-17,,,,,,,,,,
2025-09-18,,,,,,,,,,
2025-09-19,,,,,,,,,,
2025-09-22,,,,,,,,,,
2025-09-23,,,,,,,,,,
2025-09-24,,,,,,,,,,
2025-09-25,,,,,,,,,,
2025-09-26,,,,,,,,,,
2025-09-30,,,,,,,,,,
2025-10-01,,,,,,,,,,
2025-10-02,,,,,,,,,,
2025-10-03,,,,,,,,,,
2025-10-07,,,,,,,,,,
2025-10-08,,,,,,,,,,
2025-10-09,,,,,,,,,,
2025-10-13,,,,,,,,,,
2025-10-14,,,,,,,,,,
2025-10-15,,,,,,,,,,
2025-10-16,,,,,,,,,,
2025-10-17,,,,,,,,,,
2025-10-20,,,,,,,,,,
2025-10-21,,,,,,,,,,
2025-10-22,,,,,,,,,,
2025-10-23,,,,,,,,,,
2025-10-27,,,,,,,,,,
2025-10-28,,,,,,,,,,
2025-10-29,,,,,,,,,,
2025-10-30,,,,,,,,,,
2025-10-31,,,,,,,,,,
2025-11-03,,,,,,,,,,
2025-11-04,,,,,,,,,,
2025-11-05,,,,,,,,,,
2025-11-06,,,,,,,,,,
2025-11-07,,,,,,,,,,
2025-11-10,,,,,,,,,,
2025-11-11,,,,,,,,,,
2025-11-12,,,,,,,,,,
2025-11-13,,,,,,,,,,
2025-11-14,,,,,,,,,,
2025-11-17,,,,,,,,,,
2025-11-18,,,,,,,,,,
2025-11-19,,,,,,,,,,
2025-11-20,,,,,,,,,,
2025-11-21,,,,,,,,,,
2025-11-24,,,,,,,,,,
2025-11-25,,,,,,,,,,
2025-11-26,,,,,,,,,,
2025-11-27,,,,,,,,,,
2025-11-28,,,,,,,,,,
2025-12-01,,,,,,,,,,
2025-12-02,,,,,,,,,,
2025-12-03,,,,,,,,,,
2025-12-04,,,,,,,,,,
2025-12-05,,,,,,,,,,
2025-12-08,,,,,,,,,,
2025-12-09,,,,,,,,,,
2025-12-10,,,,,,,,,,
2025-12-11,,,,,,,,,,
2025-12-12,,,,,,,,,,
2025-12-15,,,,,,,,,,
2025-12-16,,,,,,,,,,
2025-12-17,,,,,,,,,,
2025-12-18,,,,,,,,,,
2025-12-19,,,,,,,,,,
2025-12-22,,,,,,,,,,
2025-12-23,,,,,,,,,,
2025-12-24,,,,,,,,,,
2025-12-26,,,,,,,,,,
2025-12-29,,,,,,,,,,
2025-12-30,,,,,,,,,,
2025-12-31,,,,,,,,,,
2026-01-02,,,,,,,,,,
2026-01-05,,,,,,,,,,
2026-01-06,,,,,,,,,,
2026-01-07,,,,,,,,,,
2026-01-08,,,,,,,,,,
2026-01-09,,,,,,,,,,
2026-01-12,,,,,,,,,,
2026-01-13,,,,,,,,,,
2026-01-14,,,,,,,,,,
2026-01-15,,,,,,,,,,
2026-01-16,,,,,,,,,,
2026-01-19,,,,,,,,,,
2026-01-20,,,,,,,,,,
2026-01-21,,,,,,,,,,
2026-01-22,,,,,,,,,,
2026-01-23,,,,,,,,,,
2026-01-26,5347,5347,5347,5347,1815,3131,5347,6284,5483,5347
2026-01-27,5347,5347,5347,5347,1815,3131,5347,6284,5483,5347
2026-01-28,5347,5347,5347,5347,1815,3131,5347,6284,5483,5347
2026-01-29,5347,5347,5347,5347,1815,3131,5347,6284,5483,5347
2026-01-30,5347,5347,5347,5347,1815,3131,5347,6284,5483,5347
2026-02-02,3081,3081,3081,3081,2883,8028,2441,5425,6223,3081
2026-02-03,3081,3081,3081,3081,2883,8028,2441,5425,6223,3081
2026-02-04,3081,3081,3081,3081,2883,8028,2441,5425,6223,3081
2026-02-05,3081,2454,2454,2454,8088,2492,4916,2449,6257,3081
2026-02-06,3081,2454,2454,2454,8088,2492,4916,2449,6257,3081
2026-02-09,6223,6223,6223,6223,3680,4979,6265,3663,8086,6223
2026-02-10,6223,6223,6223,6223,3680,4979,6265,3663,8086,6223
2026-02-11,6223,6223,6223,6223,3680,4979,6265,3663,8086,6223
2026-02-23,6223,6223,6223,6223,3680,4979,6265,3663,8086,6223
2026-02-24,6223,6223,6223,6223,3680,4979,6265,3663,8086,6223
2026-02-25,6223,6223,6223,6223,3680,4979,6265,3663,8086,6223
2026-02-26,6223,6223,6223,6223,3680,4979,6265,3663,8086,6223
2026-03-02,6223,6223,6223,6223,3680,4979,6265,3663,8086,6223
2026-03-03,6223,6223,6223,6223,3680,4979,6265,3663,8086,6223
2026-03-04,6223,6223,6223,6223,3680,4979,6265,3663,8086,6223
2026-03-05,6223,6223,6223,6223,3680,4979,6265,3663,8086,6223
2026-03-06,6223,6223,6223,6223,3680,4979,6265,3663,8086,6223
2026-03-09,6223,6223,6223,6223,3680,4979,6265,3663,8086,6223
2026-03-10,6223,6223,6223,3481,3680,4979,6265,3663,8086,6223
2026-03-11,6223,2327,2327,3481,1815,4958,8039,2345,4908,6223
2026-03-12,6223,3481,3481,3481,6187,2327,3443,3533,3481,6223
2026-03-13,6223,3481,3481,3481,6187,2327,3443,3533,3481,6223
2026-03-16,6223,1785,1785,1785,3045,3529,3005,2317,2382,6223
2026-03-17,6223,1785,1785,1785,3045,3529,3005,2317,2382,6223
2026-03-18,6223,1785,1785,1785,3045,3529,3005,2317,2382,6223
2026-03-19,6223,1785,1785,1785,3045,3529,3005,2317,2382,6223
2026-03-20,6223,1785,1785,1785,3045,3529,3005,2317,2382,6223
2026-03-23,3260,1785,1785,1785,3045,3529,3005,2317,2382,3260
2026-03-24,3260,1785,1785,1785,3045,3529,3005,2317,2382,3260
2026-03-25,3715,1785,1785,1785,3045,3529,3005,2317,2382,3715
2026-03-26,3715,3131,3131,3131,3481,2357,3665,8299,3138,3715
2026-03-27,3715,3131,3131,3131,3481,2357,3665,8299,3138,3715
2026-03-30,4958,4958,4958,4958,2344,3324,3026,3293,3481,4958
2026-03-31,4958,4958,4958,4958,2344,3324,3026,3293,3481,4958
2026-04-01,4958,4958,4958,4958,2344,3324,3026,3293,3481,4958
2026-04-02,4958,4958,4958,4958,2344,3324,3026,3293,3481,4958
2026-04-07,3037,3037,3037,3037,2489,2886,3189,4908,2892,3037
2026-04-08,3037,3037,3037,3037,2489,2886,3189,4908,2892,3037
2026-04-09,3037,3037,3037,3037,2489,2886,3189,4908,2892,3037
2026-04-10,3037,3037,3037,3037,2489,2886,3189,4908,2892,3037
2026-04-13,3037,3037,3037,3037,2489,2886,3189,4908,2892,3037
2026-04-14,3037,3037,3037,3037,2489,2886,3189,4908,2892,3037
2026-04-15,3037,3037,3037,3037,2489,2886,3189,4908,2892,3037
2026-04-16,3037,3037,3037,3037,2489,2886,3189,4908,2892,3037
2026-04-17,3037,3037,3037,3037,2489,2886,3189,4908,2892,3037
2026-04-20,3037,3037,3037,3037,2489,2886,3189,4908,2892,3037
2026-04-21,3037,3037,3037,3037,2489,2886,3189,4908,2892,3037
2026-04-22,3037,3037,3037,3037,2489,2886,3189,4908,2892,3037
2026-04-23,3037,3037,3037,3037,2489,2886,3189,4908,2892,3037
2026-04-24,3037,3037,3037,3037,2489,2886,3189,4908,2892,3037
2026-04-27,3037,3037,3037,3037,2489,2886,3189,4908,2892,3037
2026-04-28,3037,3037,3037,3037,2489,2886,3189,4908,2892,3037
2026-04-29,3037,3037,3037,3037,2489,2886,3189,4908,2892,3037
2026-04-30,3037,3037,3037,3037,2489,2886,3189,4908,2892,3037
2026-05-04,2308,2308,2308,2308,5483,8155,1560,2476,2436,2308
2026-05-05,2308,2308,2308,2308,5483,8155,1560,2476,2436,2308
2026-05-06,2308,2308,2308,2308,5483,8155,1560,2476,2436,2308
2026-05-07,2308,2308,2308,2308,5483,8155,1560,2476,2436,2308
2026-05-08,2308,2308,2308,2308,5483,8155,1560,2476,2436,2308
2026-05-11,8210,8210,8210,8210,6139,2436,2049,2356,6290,8210
2026-05-12,8210,8210,8210,8210,6139,2436,2049,2356,6290,8210
2026-05-13,8210,8210,8210,8210,6139,2436,2049,2356,6290,8210
2026-05-14,8210,8210,8210,8210,6139,2436,2049,2356,6290,8210
2026-05-15,8210,8210,8210,8210,6139,2436,2049,2356,6290,8210
2026-05-18,8210,8210,8210,8210,6139,2436,2049,2356,6290,8210
2026-05-19,8210,8210,8210,8210,6139,2436,2049,2356,6290,8210
2026-05-20,6415,6415,6415,6415,6531,3045,6190,8926,6531,6415
2026-05-21,6415,6415,6415,6415,6531,3045,6190,8926,6531,6415
2026-05-22,6415,6415,6415,6415,6531,3045,6190,8926,6531,6415
2026-05-25,6415,6415,6415,6415,6531,3045,6190,8926,6531,6415
2026-05-26,6415,6415,6415,6415,6531,3045,6190,8926,6531,6415
2026-05-27,6415,6415,6415,6415,6531,3045,6190,8926,6531,6415
2026-05-28,6415,6415,6415,6415,6531,3045,6190,8926,6531,6415
2026-05-29,6415,6415,6415,6415,6531,3045,6190,8926,6531,6415
2026-06-01,2356,2356,2356,2356,2481,3583,6257,2357,4958,2356
2026-06-02,2356,2356,2356,2356,2481,3583,6257,2357,4958,2356
2026-06-03,2356,2356,2356,2356,2481,3583,6257,2357,4958,2356
2026-06-04,2356,2356,2356,2356,2481,3583,6257,2357,4958,2356
2026-06-05,2356,2356,2356,2356,2481,3583,6257,2357,4958,2356
2026-06-08,3231,3231,3231,3231,3048,8299,8299,2618,2542,3231
2026-06-09,5289,5289,5289,5289,5289,5351,3374,8299,3357,5289
2026-06-10,5289,5289,5289,5289,5289,5351,3374,8299,3357,5289
2026-06-11,5289,5289,5289,5289,5289,5351,3374,8299,3357,5289
2026-06-12,5289,5289,5289,5289,5289,5351,3374,8299,3357,5289
2026-06-15,5289,5289,5289,5289,5289,5351,3374,8299,3357,5289
2026-06-16,5289,5289,5289,5289,5289,5351,3374,8299,3357,5289
2026-06-17,5289,5289,5289,5289,5289,5351,3374,8299,3357,5289
2026-06-18,5289,5289,5289,5289,5289,5351,3374,8299,3357,5289
2026-06-22,5289,5289,5289,5289,5289,5351,3374,8299,3357,5289
2026-06-23,5289,5289,5289,2303,5289,5351,3374,8299,3357,5289
2026-06-24,5289,5289,5289,2303,5289,5351,3374,8299,3357,5289
2026-06-25,5289,5289,5289,2303,5289,5351,3374,8299,3357,5289
2026-06-26,2303,2303,2303,2303,2353,2618,2892,6415,6209,2303
