signal_date,entry_date,exit_date,ticker,name,market,route_variant,source_family,selected_branch,selected_route_mode,timing_variant,entry_price_kind,exit_price_kind,entry_open,entry_close,exit_close,entry_price,exit_price,gross_return_unadjusted,path_ready,blocked_reason,entry_source_quality,exit_source_quality,entry_source_route,exit_source_route,adjusted_close_ready,adjustment_policy,diagnostic_only,formal_model_changed,trade_decision_changed,active_in_trade_decision,report_changed,portfolio_replay_executed,ready_for_strategy_replay,ready_for_formal,not_live_rule,forward_returns_live_rule_usage,diagnostic_unit_notional_twd,diagnostic_share_qty,buy_gross_twd,sell_gross_twd,buy_cost_twd,sell_cost_twd,total_cost_twd,net_return_local_ep05_cost_unit_notional,cost_application_status,radar_audit_rows
2023-12-29,2023-12-29,,3515,華擎,TWSE,dynamic80_top1_rs20_31_bonus_proxy,legacy_rs20_operating_mode,mega_rs20,dynamic80_top1_rs20_31_bonus_proxy,same_week_close_to_next_rebalance_close_comparator,unadjusted_close,unadjusted_close,256.0,257.0,,257.0,,,False,same_week_terminal_blank_exit_date_policy_blocked,official_unadjusted_ohlcv_twse_stock_day,,TWSE_STOCK_DAY,,False,unadjusted_ohlcv; adjusted_close_blocked_not_fabricated,True,False,False,False,False,False,False,False,True,False,1000000,,,,,,,,blocked_missing_entry_or_exit_price,1368
2023-12-29,2023-12-29,,3515,華擎,TWSE,dynamic80_top1_rs20_7core_context_proxy,legacy_rs20_operating_mode,mega_rs20,dynamic80_top1_rs20_7core_context_proxy,same_week_close_to_next_rebalance_close_comparator,unadjusted_close,unadjusted_close,256.0,257.0,,257.0,,,False,same_week_terminal_blank_exit_date_policy_blocked,official_unadjusted_ohlcv_twse_stock_day,,TWSE_STOCK_DAY,,False,unadjusted_ohlcv; adjusted_close_blocked_not_fabricated,True,False,False,False,False,False,False,False,True,False,1000000,,,,,,,,blocked_missing_entry_or_exit_price,1368
2023-12-29,2023-12-29,,3515,華擎,TWSE,dynamic80_top1_rs20_proxy,legacy_rs20_operating_mode,mega_rs20,dynamic80_top1_rs20_proxy,same_week_close_to_next_rebalance_close_comparator,unadjusted_close,unadjusted_close,256.0,257.0,,257.0,,,False,same_week_terminal_blank_exit_date_policy_blocked,official_unadjusted_ohlcv_twse_stock_day,,TWSE_STOCK_DAY,,False,unadjusted_ohlcv; adjusted_close_blocked_not_fabricated,True,False,False,False,False,False,False,False,True,False,1000000,,,,,,,,blocked_missing_entry_or_exit_price,1368
2023-12-29,2023-12-29,,6239,力成,TWSE,dynamic80_top3_rs20_risk_tiebreak_proxy,legacy_rs20_operating_mode,mega_rs20,dynamic80_top3_rs20_risk_tiebreak_proxy,same_week_close_to_next_rebalance_close_comparator,unadjusted_close,unadjusted_close,142.0,141.0,,141.0,,,False,same_week_terminal_blank_exit_date_policy_blocked,official_unadjusted_ohlcv_twse_stock_day,,TWSE_STOCK_DAY,,False,unadjusted_ohlcv; adjusted_close_blocked_not_fabricated,True,False,False,False,False,False,False,False,True,False,1000000,,,,,,,,blocked_missing_entry_or_exit_price,1368
2023-12-29,2023-12-29,,6285,啟碁,TWSE,conservative_hurdle_route,regime_switch_hybrid_route,ordinary_defensive_00631L_base,hurdle_reference,same_week_close_to_next_rebalance_close_comparator,unadjusted_close,unadjusted_close,160.0,156.0,,156.0,,,False,same_week_terminal_blank_exit_date_policy_blocked,official_unadjusted_ohlcv_twse_stock_day,,TWSE_STOCK_DAY,,False,unadjusted_ohlcv; adjusted_close_blocked_not_fabricated,True,False,False,False,False,False,False,False,True,False,1000000,,,,,,,,blocked_missing_entry_or_exit_price,1368
2023-12-29,2023-12-29,,3293,鈊象,TPEx,dispersion_route,regime_switch_hybrid_route,dispersion,low_risk_strength,same_week_close_to_next_rebalance_close_comparator,unadjusted_close,unadjusted_close,715.0,724.0,,724.0,,,False,same_week_terminal_blank_exit_date_policy_blocked,official_unadjusted_ohlcv_tpex_trading_stock,,TPEX_TRADING_STOCK,,False,unadjusted_ohlcv; adjusted_close_blocked_not_fabricated,True,False,False,False,False,False,False,False,True,False,1000000,,,,,,,,blocked_missing_entry_or_exit_price,1368
2023-12-29,2023-12-29,,2454,聯發科,TWSE,hybrid_pullback_base_mega_override,regime_switch_hybrid_route,hybrid,pullback_repair,same_week_close_to_next_rebalance_close_comparator,unadjusted_close,unadjusted_close,1025.0,1015.0,,1015.0,,,False,same_week_terminal_blank_exit_date_policy_blocked,official_unadjusted_ohlcv_twse_stock_day,,TWSE_STOCK_DAY,,False,unadjusted_ohlcv; adjusted_close_blocked_not_fabricated,True,False,False,False,False,False,False,False,True,False,1000000,,,,,,,,blocked_missing_entry_or_exit_price,1368
2023-12-29,2023-12-29,,6799,來頡,TWSE,market_bias_pool_trend_route,regime_switch_hybrid_route,mega_or_stock_route,stable_strength,same_week_close_to_next_rebalance_close_comparator,unadjusted_close,unadjusted_close,196.0,191.5,,191.5,,,False,same_week_terminal_blank_exit_date_policy_blocked,official_unadjusted_ohlcv_twse_stock_day,,TWSE_STOCK_DAY,,False,unadjusted_ohlcv; adjusted_close_blocked_not_fabricated,True,False,False,False,False,False,False,False,True,False,1000000,,,,,,,,blocked_missing_entry_or_exit_price,1368
2023-12-29,2023-12-29,,6799,來頡,TWSE,pool_breadth_route,regime_switch_hybrid_route,mega_or_stock_route,stable_strength,same_week_close_to_next_rebalance_close_comparator,unadjusted_close,unadjusted_close,196.0,191.5,,191.5,,,False,same_week_terminal_blank_exit_date_policy_blocked,official_unadjusted_ohlcv_twse_stock_day,,TWSE_STOCK_DAY,,False,unadjusted_ohlcv; adjusted_close_blocked_not_fabricated,True,False,False,False,False,False,False,False,True,False,1000000,,,,,,,,blocked_missing_entry_or_exit_price,1368
